Year,Car Name,Mileage (kms),Fuel Type,Transmission,Price (Lakh),Location
2024,BMW X5 xDrive40i xLine,"3,406",Petrol,Automatic,90,"Vaishya Sabha, Kolkata"
2021,Renault Kiger RXL,"36,756",Petrol,Manual,4.60,"Alipore, Kolkata"
2022,Renault KWID 1.0 RXT AMT,"20,024",Petrol,Automatic,4.25,"Garia Bt, Kolkata"
2012,Maruti Alto 800 LXi,"42,015",Petrol,Manual,1.55,"Garia Bt, Kolkata"
2016,BMW 7 Series 730Ld,"20,000",Diesel,Automatic,35,"Kasba, Kolkata"
2018,Honda City i-VTEC CVT VX,"48,000",Petrol,Automatic,5.85,"Kasba, Kolkata"
2023,Mahindra XUV700 AX7 Diesel AT Luxury Pack BSVI,"4,000",Diesel,Automatic,23.50,"Ballygunge, Kolkata"
2011,Maruti Swift VDI,"50,000",Diesel,Manual,2,"Jadavpur University, Kolkata"
Donâ€™t,want to go far?,,,,Find cars near me,Use Current Pincode
2020,Hyundai Grand i10 Nios Asta,"41,494",Petrol,Manual,5.68,"Kolkatta Gpo, Kolkata"
2021,Maruti Swift AMT VXI,"21,009",Petrol,Automatic,5.55,"Garia Bt, Kolkata"
2019,Maruti Vitara Brezza VDi,"65,000",Diesel,Manual,5.95,"Ballygunge, Kolkata"
2019,Maruti Ciaz Delta,"23,000",Petrol,Manual,6.50,"Jadavpur University, Kolkata"
2015,Maruti Wagon R LXI BS IV,"77,958",Petrol,Manual,2.92,"Kolkatta Gpo, Kolkata"
2023,Maruti Alto K10 LXi BSVI,"2,045",Petrol,Manual,3.80,"University, Kolkata"
2021,Honda WR-V VX,"5,000",Petrol,Manual,7.89,"Kalikapur, Kolkata"
2019,Mahindra TUV 300 T10,"32,000",Diesel,Manual,5.75,"Airport Po, Kolkata"
2016,Maruti Swift LXI BSIV,"75,695",Petrol,Manual,3.45,"Kolkatta Gpo, Kolkata"
2016,Maruti Wagon R VXI BS IV,"31,067",Petrol,Manual,2.90,"University, Kolkata"
2016,Tata Zest Quadrajet 1.3 75PS XM,"70,234",Diesel,Manual,2.35,"Alipore, Kolkata"
2006,Maruti Zen LXI,"30,000",Petrol,Manual,1.10,"Jadavpur University, Kolkata"
2020,Hyundai Grand i10 Nios Asta,"41,494",Petrol,Manual,5.68,"Kolkatta Gpo, Kolkata"
2019,Honda BR-V i-VTEC V CVT,"26,000",Petrol,Automatic,6.95,"Kasba, Kolkata"
2016,Maruti Swift Dzire VDI,"45,000",Diesel,Manual,4.50,"Jadavpur University, Kolkata"
2020,Kia Seltos HTX IVT G,"60,000",Petrol,Automatic,8.52,"Entally, Kolkata"
2021,Hyundai i20 Sportz BSVI,"29,000",Petrol,Manual,5.79,"Kolkatta GPO, Kolkata"
2014,Hyundai Santro Xing GLS,"12,000",Petrol,Manual,2.25,"Jadavpur University, Kolkata"
2021,Skoda Superb Laurin & klement BSVI,"17,014",Petrol,Automatic,19.75,"Vaishya Sabha, Kolkata"
2019,Maruti Swift VXI,"54,735",Petrol,Manual,4.70,"Alipore, Kolkata"
2016,Maruti Swift LXI BSIV,"75,695",Petrol,Manual,3.45,"Kolkatta Gpo, Kolkata"
2014,Hyundai EON Era Plus,"37,009",Petrol,Manual,1.95,"Garia Bt, Kolkata"
2018,Maruti Swift Dzire VXI 1.2,"12,937",Petrol,Manual,5.60,"Salt Lake City, Kolkata"
2023,Hyundai Verna SX Turbo DCT,"12,609",Petrol,Automatic,13.75,"Vaishya Sabha, Kolkata"
2016,Maruti Vitara Brezza ZDi Plus,"1,56,480",Diesel,Manual,5.63,"Kolkatta Gpo, Kolkata"
2016,Hyundai i10 Sportz 1.1L,"37,698",Petrol,Manual,2.35,"Alipore, Kolkata"
2020,Kia Sonet HTX Diesel BSVI,"44,699",Diesel,Manual,7.90,"Vaishya Sabha, Kolkata"
2013,Hyundai Grand i10 Sportz,"27,354",Petrol,Manual,2.40,"Alipore, Kolkata"
2014,Maruti Alto 800 LXI,"1,07,343",Petrol,Manual,2.54,"Kolkatta Gpo, Kolkata"
2023,Mahindra Bolero Neo N10,"23,000",Diesel,Manual,8.99,"Northern Avenue, Kolkata"
2015,Hyundai Grand i10 Magna,"27,608",Petrol,Manual,2.85,"Alipore, Kolkata"
2019,Hyundai Santro Sportz,"30,009",Petrol,Manual,3.75,"Garia Bt, Kolkata"
2015,Maruti Wagon R LXI BS IV,"77,958",Petrol,Manual,2.92,"Kolkatta Gpo, Kolkata"
2020,Kia Seltos HTK Plus G,"14,000",Petrol,Manual,8.99,"Salt Lake City, Kolkata"
2022,Kia Carens Prestige BSVI,"35,000",Petrol,Manual,11.50,"Salt Lake City, Kolkata"
2015,Hyundai Grand i10 Magna,"43,564",Petrol,Manual,3,"Kasba, Kolkata"
2021,Maruti Vitara Brezza VXI,"87,120",Petrol,Manual,6.86,"Kolkatta Gpo, Kolkata"
2024,Maruti Baleno Zeta,"1,685",Petrol,Manual,8.45,"Salt Lake City, Kolkata"
2023,Kia Carens Luxury Plus iMT,"9,000",Petrol,Manual,14.50,"Ballygunge, Kolkata"
2020,Kia Seltos HTX IVT G,"41,000",Petrol,Automatic,9.95,"Bhowanipore, Kolkata"
2011,Maruti Swift Dzire Vdi BSIV,"80,270",Diesel,Manual,3.25,"Kolkatta Gpo, Kolkata"
2018,Maruti Wagon R VXI Plus,"50,206",Petrol,Manual,3.25,"Salt Lake City, Kolkata"
2023,Maruti Wagon R VXI,"3,000",Petrol,Manual,5.15,"Ghose Bagan, Kolkata"
2020,Maruti Baleno Delta,"32,000",Petrol,Manual,5.35,"Jadavpur University, Kolkata"
2014,Maruti Swift LXI BSIV,"1,06,807",Petrol,Manual,3.26,"Kolkatta Gpo, Kolkata"
2019,Hyundai Venue S BSIV,"22,000",Petrol,Manual,6.25,"Netaji Nagar, Kolkata"
2019,Kia Seltos GTX Plus,"47,000",Petrol,Manual,10.49,"Kalighat, Kolkata"
2017,Honda WR-V i-VTEC VX,"26,700",Petrol,Manual,5.27,"Entally, Kolkata"
2024,Mercedes-Benz G-Class AMG G 63 Grand Edition,"11,300",Petrol,Automatic,3.75 Crore,"Ballygunge Rs, Kolkata"
2019,Hyundai Creta 1.6 VTVT AT SX Plus,"61,000",Petrol,Automatic,7.30,"Alipore, Kolkata"
2022,Hyundai i20 Asta Turbo DCT,"17,000",Petrol,Automatic,9.49,"Kalikapur, Kolkata"
2014,Hyundai Grand i10 Magna,"36,487",Petrol,Manual,3.25,"Salt Lake City, Kolkata"
2017,Hyundai EON D Lite Optional,"14,800",Petrol,Manual,2.49,"Kolkatta GPO, Kolkata"
2016,Mahindra XUV500 W10 2WD,"64,000",Diesel,Manual,6.65,"Kalighat, Kolkata"
2019,Hyundai i20 Sportz Plus BSIV,"45,934",Petrol,Manual,5.25,"Kalikapur, Kolkata"
2019,Maruti Baleno Zeta,"56,000",Petrol,Manual,5.15,"Park Street Area, Kolkata"
2016,BMW 7 Series 730Ld,"20,000",Diesel,Automatic,35,"Kasba, Kolkata"
2019,Hyundai i20 Petrol Spotz,"43,335",Petrol,Manual,5.30,"Alipore, Kolkata"
2014,Maruti Swift VXI,"46,000",Petrol,Manual,3.25,"Parnasree Pally, Kolkata"
2018,Maruti Swift Dzire VXI 1.2,"12,934",Petrol,Manual,5.60,"Salt Lake City, Kolkata"
2016,Maruti Ciaz AT ZXi Plus,"35,000",Petrol,Automatic,4.25,"Salt Lake City, Kolkata"
2013,Maruti Swift Dzire VXI,"45,000",Petrol,Manual,3.45,"Jadavpur University, Kolkata"
2021,Kia Seltos GTX Plus Diesel AT,"52,275",Diesel,Automatic,13,"Vaishya Sabha, Kolkata"
2021,Hyundai i20 Magna BSVI,"11,166",Petrol,Manual,7.06,"Kolkatta GPO, Kolkata"
2021,Land Rover Discovery Sport Dynamic SE Diesel,"76,550",Diesel,Automatic,43,"Vaishya Sabha, Kolkata"
2015,Hyundai Creta 1.6 VTVT SX Plus,"35,000",Petrol,Manual,4.99,"Airport Po, Kolkata"
2022,Hyundai Creta S Plus Knight BSVI,"25,000",Petrol,Manual,12.50,"Netaji Nagar, Kolkata"
2021,Kia Sonet HTX Turbo iMT BSVI,"55,000",Petrol,Manual,8,"Topsia, Kolkata"
2018,Mercedes-Benz GLE 350d,"34,052",Diesel,Automatic,35,"Vaishya Sabha, Kolkata"
2019,Hyundai Creta 1.6 SX Option,"23,000",Petrol,Manual,8.99,"Salt Lake City, Kolkata"
2019,Maruti Swift Dzire ZDI,"68,000",Diesel,Manual,6.75,"Council House Street, Kolkata"
2022,Hyundai i20 N-Line N8 DCT Dual Tone BSVI,"17,390",Petrol,Automatic,9.50,"Vaishya Sabha, Kolkata"
2016,Hyundai Verna 1.4 VTVT,"47,207",Petrol,Manual,4.29,"Kolkatta Gpo, Kolkata"
2017,Maruti Wagon R Stingray LXI Optional,"25,454",Petrol,Manual,3.25,"Council House Street, Kolkata"
2021,Hyundai i20 Sportz IVT BSVI,"47,875",Petrol,Automatic,6.25,"Vaishya Sabha, Kolkata"
2014,Hyundai Verna 1.4 VTVT,"62,388",Petrol,Manual,3.70,"Salt Lake City, Kolkata"
2018,Maruti Swift AMT VDI,"60,000",Diesel,Automatic,4.75,"Ghose Bagan, Kolkata"
2020,Maruti Baleno Alpha,"44,121",Petrol,Manual,5.40,"University, Kolkata"
2019,Hyundai Creta 1.6 SX Automatic,"42,490",Petrol,Automatic,9.45,"Kasba, Kolkata"
2018,Hyundai Xcent 1.2 VTVT SX,"32,986",Petrol,Manual,3.95,"Beleghata, Kolkata"
2016,Hyundai i10 Sportz Option,"25,000",Petrol,Manual,2.69,"Kolkatta GPO, Kolkata"
2017,Maruti Swift Dzire VXI,"73,293",Petrol,Manual,4.18,"Kolkatta Gpo, Kolkata"
2023,MG Hector Savvy Pro CVT,"14,000",Petrol,Automatic,18.90,"Ballygunge, Kolkata"
2020,Kia Seltos HTK Plus D,"40,000",Diesel,Manual,8.90,"Ballygunge, Kolkata"
2024,BMW X5 xDrive40i xLine,"3,406",Petrol,Automatic,90,"Vaishya Sabha, Kolkata"
2019,Kia Seltos HTX Plus AT D,"32,904",Diesel,Automatic,11.50,"Vaishya Sabha, Kolkata"
2017,Hyundai Creta 1.4 E Plus,"1,40,000",Diesel,Manual,5.25,"Ballygunge, Kolkata"
2022,Maruti Swift Dzire ZXI Plus,"25,000",Petrol,Manual,7.45,"Netaji Nagar, Kolkata"
2015,Maruti Wagon R VXI,"47,030",Petrol,Manual,2.41,"Garia Bt, Kolkata"
2023,MG Astor Super MT,"15,075",Petrol,Manual,9.95,"Kasba, Kolkata"
2024,Honda Elevate ZX CVT,"4,100",Petrol,Automatic,15,"Entally, Kolkata"
2022,MG Astor Savvy CVT BSVI,"36,579",Petrol,Automatic,12,"Alipore, Kolkata"
2013,Hyundai EON Era Plus,"36,002",Petrol,Manual,1.85,"Garia Bt, Kolkata"
2014,Hyundai i20 Asta Option 1.4 CRDi,"35,000",Diesel,Manual,3.99,"Salt Lake City, Kolkata"
2014,Hyundai i20 Sportz 1.2,"91,420",Petrol,Manual,3.97,"Kolkatta GPO, Kolkata"
2019,Hyundai i20 Sportz Plus BSIV,"35,000",Petrol,Manual,5.72,"Topsia, Kolkata"
2018,Hyundai i20 1.2 Magna Executive,"13,001",Petrol,Manual,4.21,"Garia Bt, Kolkata"
2017,Ford Ecosport 1.5 Petrol Titanium,"39,006",Petrol,Manual,4.45,"Garia Bt, Kolkata"
2023,Tata Nexon Smart Plus,"5,000",Petrol,Manual,7.50,"Ballygunge, Kolkata"
2019,Hyundai i20 Asta Option CVT,"48,000",Petrol,Automatic,5.75,"Ballygunge, Kolkata"
2015,Maruti Alto 800 LXI,"35,016",Petrol,Manual,2.15,"Garia Bt, Kolkata"
2022,Hyundai Grand i10 Nios Magna,"50,123",Petrol,Manual,4.70,"Kalighat, Kolkata"
2022,Hyundai Grand i10 Nios Sportz,"28,700",Petrol,Manual,6.20,"Alipore, Kolkata"
2017,Hyundai i20 Sportz 1.2,"32,000",Petrol,Manual,3.99,"Airport Po, Kolkata"
2016,Maruti Ertiga VXI,"48,019",Petrol,Manual,5.75,"Garia Bt, Kolkata"
2015,Hyundai Grand i10 Asta,"86,153",Petrol,Manual,3.40,"Alipore, Kolkata"
2019,Hyundai Grand i10 Sportz,"30,116",Petrol,Manual,4.20,"Salt Lake City, Kolkata"
2019,Hyundai i20 Active SX Petrol,"84,637",Petrol,Manual,4.50,"University, Kolkata"
2021,Kia Seltos HTX IVT G,"31,000",Petrol,Automatic,11.75,"Bhowanipore, Kolkata"
2018,Jeep Compass 2.0 Limited Plus 4X4 BSIV,"46,000",Diesel,Manual,12.49,"Kalikapur, Kolkata"
2020,Maruti S-Presso VXI,"25,992",Petrol,Manual,3.90,"Beleghata, Kolkata"
2019,Hyundai i20 Sportz Plus BSIV,"48,000",Petrol,Manual,5.75,"Ballygunge, Kolkata"
2014,Maruti Swift VDI BSIV,"83,055",Diesel,Manual,3.06,"Kolkatta Gpo, Kolkata"
2017,Hyundai Grand i10 Sportz,"54,555",Petrol,Manual,3.90,"Alipore, Kolkata"
2015,Hyundai Creta 1.6 VTVT SX Plus,"42,000",Petrol,Manual,5.55,"Entally, Kolkata"
2017,Hyundai Xcent CRDi Prime T Plus,"68,000",Diesel,Manual,3.40,"Behala, Kolkata"
2023,MG Hector Plus Savvy Pro CVT 7 Str,"11,000",Petrol,Automatic,18.95,"Ballygunge, Kolkata"
2020,Maruti Baleno Delta,"48,000",Petrol,Manual,5.25,"Ballygunge, Kolkata"
2023,Kia Seltos X-Line Turbo DCT,"12,867",Petrol,Automatic,18,"Vaishya Sabha, Kolkata"
2018,Hyundai Xcent 1.2 CRDi SX,"49,000",Diesel,Manual,3.99,"Ballygunge, Kolkata"
2015,Maruti Baleno 1.2 Delta,"83,095",Petrol,Manual,4.60,"Kolkatta GPO, Kolkata"
2015,Ford Ecosport 1.5 DV5 MT Titanium,"45,000",Diesel,Manual,3.75,"Kolkatta GPO, Kolkata"
2016,Honda Jazz 1.2 S i VTEC,"36,109",Petrol,Manual,3.65,"Alipore, Kolkata"
2021,Skoda Kushaq 1.5 TSI Style BSVI,"34,000",Petrol,Manual,10.90,"Ballygunge, Kolkata"
2019,Ford Ecosport 1.5 Petrol Trend BSIV,"66,929",Petrol,Manual,5.12,"University, Kolkata"
2019,Hyundai Venue SX Turbo BSIV,"26,814",Petrol,Manual,6.57,"University, Kolkata"
2024,Mahindra Bolero Neo N8,"1,500",Diesel,Manual,11.93,"Entally, Kolkata"
2023,Porsche Cayenne Base,"12,500",Petrol,Automatic,1.39 Crore,"Ballygunge RS, Kolkata"
2022,Volkswagen Taigun 1.0 TSI Comfortline BSVI,"30,043",Petrol,Manual,9.90,"Beleghata, Kolkata"
2017,Maruti Wagon R VXI 1.2,"58,000",Petrol,Manual,3.11,"Ballygunge, Kolkata"
2017,Toyota Corolla Altis G MT,"36,562",Petrol,Manual,7.90,"Salt Lake City, Kolkata"
2017,Toyota Corolla Altis G MT,"36,562",Petrol,Manual,7.90,"Salt Lake City, Kolkata"
2018,Hyundai Creta 1.6 VTVT SX Plus,"30,300",Petrol,Manual,7.50,"Elliot Road, Kolkata"
2018,Maruti Swift Dzire ZXI Plus BS IV,"38,000",Petrol,Manual,5.25,"Ballygunge, Kolkata"
2016,Maruti Baleno 1.2 Alpha,"68,820",Petrol,Manual,3.89,"University, Kolkata"
2018,Hyundai i20 Active 1.2 S,"69,612",Petrol,Manual,4.28,"University, Kolkata"
2017,Hyundai Creta 1.6 VTVT SX Plus,"63,302",Petrol,Manual,5.60,"Alipore, Kolkata"
2023,Mahindra XUV300 W8 Opt,"25,000",Petrol,Manual,9.25,"Salt Lake City, Kolkata"
2018,Maruti Vitara Brezza VDi,"72,601",Diesel,Manual,5.99,"Topsia, Kolkata"
2022,Hyundai Venue SX Diesel BSVI,"26,000",Diesel,Manual,8.50,"Ballygunge, Kolkata"
2019,Maruti Ignis Sigma,"31,000",Petrol,Manual,3.99,"Kalighat, Kolkata"
2016,Hyundai Creta 1.6 VTVT S,"65,000",Petrol,Manual,5.65,"Ballygunge, Kolkata"
2016,Maruti Swift Dzire LDI,"52,000",Diesel,Manual,4.22,"Kasba, Kolkata"
2018,Hyundai i20 Active 1.2,"65,000",Petrol,Manual,4.49,"Barisha, Kolkata"
2020,Honda City VX MT,"30,000",Petrol,Manual,8.99,"Salt Lake City, Kolkata"
2018,Hyundai Elantra 2.0 SX,"52,000",Petrol,Manual,7.99,"Ballygunge, Kolkata"
2018,Honda Jazz V CVT,"44,000",Petrol,Automatic,4.75,"Kalighat, Kolkata"
2020,Hyundai Verna SX Opt Turbo,"39,688",Petrol,Automatic,9.50,"Vaishya Sabha, Kolkata"
2018,Honda City i-VTEC CVT ZX,"55,000",Petrol,Automatic,7,"Topsia, Kolkata"
2019,Maruti Celerio X AMT VXI BSIV,"18,481",Petrol,Automatic,4.22,"Topsia, Kolkata"
2017,Volkswagen Ameo 1.2 MPI Highline,"76,311",Petrol,Manual,3.60,"Alipore, Kolkata"
2020,Honda Amaze S Petrol,"44,784",Petrol,Manual,5.79,"Topsia, Kolkata"
2020,Hyundai Venue SX Opt Turbo,"19,600",Petrol,Manual,7.25,"Ballygunge, Kolkata"
2018,Hyundai Elantra 2.0 SX,"62,000",Petrol,Manual,7.90,"Ballygunge, Kolkata"
2017,Renault Duster 110PS Diesel RxZ,"8,90,000",Diesel,Manual,6.40,"Jadavpur University, Kolkata"
2020,Maruti Baleno Delta,"53,000",Petrol,Manual,5.65,"Ballygunge, Kolkata"
2020,Maruti Baleno Delta,"41,000",Petrol,Manual,5.25,"Ballygunge, Kolkata"
2015,Hyundai Xcent 1.1 CRDi S,"95,145",Diesel,Manual,3.13,"Kolkatta GPO, Kolkata"
2018,Volvo S60 Cross Country D4 AWD BSIV,"66,452",Diesel,Automatic,17.31,"Salt Lake City, Kolkata"
2018,Hyundai Creta 1.6 SX Option,"63,061",Petrol,Manual,8.40,"Alipore, Kolkata"
2019,Hyundai Creta 1.6 SX Option,"48,000",Petrol,Manual,8.75,"Salt Lake City, Kolkata"
2017,Volvo S60 Cross Country D4 AWD BSIV,"66,452",Diesel,Automatic,17.31,"Salt Lake City, Kolkata"
2020,Hyundai Creta SX Opt Diesel BSVI,"45,004",Diesel,Manual,13.25,"Salt Lake City, Kolkata"
2020,Hyundai i20 Asta Option BSIV,"35,298",Petrol,Manual,5.60,"University, Kolkata"
2019,Hyundai i20 Petrol Magna,"74,889",Petrol,Manual,5.05,"Kolkatta Gpo, Kolkata"
2011,Jaguar XF Diesel,"45,000",Diesel,Automatic,9.99,"Kasba, Kolkata"
2018,Maruti Celerio X AMT VXI BSIV,"24,000",Petrol,Automatic,4,"Topsia, Kolkata"
2018,Volkswagen Polo 1.0 MPI Comfortline,"73,624",Petrol,Manual,3.60,"University, Kolkata"
2020,Honda City ZX MT,"18,000",Petrol,Manual,9.50,"Kasba, Kolkata"
2017,Maruti Baleno RS,"76,000",Petrol,Manual,5.50,"Rash Behari Avenue, Kolkata"
2022,Honda City ZX MT,"26,000",Petrol,Manual,10.25,"Parnasree Pally, Kolkata"
2021,Kia Sonet HTX Turbo iMT BSVI,"57,523",Petrol,Manual,7.50,"Salt Lake City, Kolkata"
2020,Hyundai Creta SX Opt Diesel BSVI,"45,005",Diesel,Manual,13.25,"Salt Lake City, Kolkata"
2022,Maruti S-Presso VXI Plus 2019-2022,"10,462",Petrol,Manual,3.85,"University, Kolkata"
2014,Hyundai Grand i10 Asta,"38,000",Petrol,Manual,3.10,"Netaji Nagar, Kolkata"
2018,Hyundai Grand i10 1.2 CRDi Magna,"77,970",Diesel,Manual,3.73,"Kolkatta Gpo, Kolkata"
2018,Mercedes-Benz CLA Urban Sport 200d,"31,340",Diesel,Automatic,18.50,"Vaishya Sabha, Kolkata"
2015,Hyundai Grand i10 Sportz,"34,580",Petrol,Manual,3.26,"University, Kolkata"
2020,Honda City ZX MT,"42,000",Petrol,Manual,9.29,"Behala, Kolkata"
2019,Honda Amaze VX Petrol BSIV,"31,000",Petrol,Manual,5.45,"Kasba, Kolkata"
2020,Maruti Wagon R VXI,"48,000",Petrol,Manual,4.65,"Ballygunge, Kolkata"
2014,Volkswagen Polo 1.2 MPI Comfortline,"64,809",Petrol,Manual,3.49,"Beleghata, Kolkata"
2018,Hyundai Verna CRDi 1.6 SX Option,"1,09,191",Diesel,Manual,9.11,"Ballygunge, Kolkata"
2019,Maruti Ciaz Delta BSIV,"46,000",Petrol,Manual,5.70,"Kasba, Kolkata"
2021,Kia Sonet HTX Turbo iMT BSVI,"57,523",Petrol,Manual,7.50,"Salt Lake City, Kolkata"
2018,Hyundai Creta 1.6 SX Automatic,"64,490",Petrol,Automatic,8.50,"Beleghata, Kolkata"
2018,Hyundai Creta 1.6 VTVT SX Plus,"51,035",Petrol,Manual,8.90,"Salt Lake City, Kolkata"
2020,Maruti Baleno Zeta,"29,958",Petrol,Manual,8.50,"Vaishya Sabha, Kolkata"
2017,Toyota Corolla Altis 1.8 VL CVT,"46,868",Petrol,Automatic,7.25,"Vaishya Sabha, Kolkata"
2017,Jaguar XF 2.0 Diesel Portfolio,"18,000",Diesel,Automatic,26.25,"Salt Lake City, Kolkata"
2017,Lexus ES 300h,"29,800",Petrol,Automatic,27,"Ballygunge Rs, Kolkata"
2016,Audi A4 35 TDI Premium,"30,890",Diesel,Automatic,22.50,"Salt Lake City, Kolkata"
2019,Kia Seltos GTX Plus,"39,000",Petrol,Manual,9.95,"Ballygunge, Kolkata"
2018,Toyota Innova Crysta 2.4 VX MT 8S BSIV,"59,000",Diesel,Manual,16.25,"Council House Street, Kolkata"
2019,Hyundai i20 Petrol Spotz,"38,000",Petrol,Manual,5.75,"Ballygunge, Kolkata"
2018,Jeep Compass 2.0 Limited Plus,"69,000",Diesel,Manual,8.95,"Ballygunge, Kolkata"
2015,Ford Figo Diesel Titanium,"30,204",Diesel,Manual,3.25,"Beleghata, Kolkata"
2018,Toyota Innova Crysta Touring Sport 2.4 MT BSIV,"56,000",Diesel,Manual,15.99,"Kasba, Kolkata"
2013,Mercedes-Benz C-Class 220 CDI AT,"40,238",Diesel,Automatic,11.15,"Salt Lake City, Kolkata"
2018,Hyundai Verna VTVT 1.6 SX Option,"17,000",Petrol,Manual,6.69,"Behala, Kolkata"
2019,Kia Seltos GTX Plus,"47,000",Petrol,Manual,10.35,"Rash Behari Avenue, Kolkata"
2022,Maruti Celerio ZXI Plus AMT BSVI,"8,760",Petrol,Automatic,5.98,"Kasba, Kolkata"
2022,Mahindra Bolero Neo N10 R BSVI,"62,000",Diesel,Manual,8.55,"Park Street Area, Kolkata"
2019,Tata Harrier XZ BSIV,"44,167",Diesel,Manual,9.99,"Kalighat, Kolkata"
2020,Maruti Wagon R ZXI 1.2,"40,114",Petrol,Manual,4.50,"Beleghata, Kolkata"
2018,Hyundai Grand i10 1.2 Kappa Magna BSIV,"17,000",Petrol,Manual,3.50,"Netaji Nagar, Kolkata"
2019,Maruti Wagon R AMT VXI,"29,000",Petrol,Automatic,4.88,"Park Street Area, Kolkata"
2014,Ford Ecosport 1.0 Ecoboost Titanium Optional,"34,000",Petrol,Manual,3.99,"Kasba, Kolkata"
2015,Maruti Swift Dzire VXI,"25,085",Petrol,Manual,3.32,"Kolkatta Gpo, Kolkata"
2020,Maruti S-Presso VXI Plus AT 2019-2022,"47,476",Petrol,Automatic,3.65,"University, Kolkata"
2024,Kia Seltos HTX,"19,000",Petrol,Manual,12.99,"Ballygunge, Kolkata"
2019,Hyundai i20 Magna Plus BSIV,"51,000",Petrol,Manual,4.99,"Kasba, Kolkata"
2020,Renault KWID RXL BSIV,"32,550",Petrol,Manual,3.40,"Beleghata, Kolkata"
2019,Honda City VX MT,"66,000",Petrol,Manual,7.35,"Kalighat, Kolkata"
2014,Hyundai Verna 1.4 VTVT,"69,000",Petrol,Manual,3.51,"Topsia Road, Kolkata"
2017,Hyundai Elantra 2.0 S,"46,732",Petrol,Manual,6.75,"Kasba, Kolkata"
2020,Maruti S-Presso VXI AT 2019-2022,"6,000",Petrol,Automatic,3.90,"Kalighat, Kolkata"
2021,MG Hector Hybrid Sharp MT,"16,000",Petrol,Manual,11.75,"Ballygunge, Kolkata"
2022,Maruti XL6 Alpha,"8,258",Petrol,Manual,10.47,"Salt Lake City, Kolkata"
2017,Hyundai i20 Asta 1.2,"49,790",Petrol,Manual,4.25,"University, Kolkata"
2024,Honda Amaze 2nd Gen VX BSVI,"9,000",Petrol,Manual,7.95,"Ballygunge, Kolkata"
2015,Hyundai Xcent 1.2 Kappa S,"37,000",Petrol,Manual,3.25,"Kalighat, Kolkata"
2020,Kia Sonet HTX Diesel BSVI,"44,701",Diesel,Manual,7.89,"Kalikapur, Kolkata"
2019,Kia Seltos GTX Plus,"60,000",Petrol,Manual,10.99,"Watgunge, Kolkata"
2019,Hyundai i20 Asta Option CVT BSIV,"57,000",Petrol,Automatic,5.50,"Ballygunge, Kolkata"
2022,Mahindra Bolero Neo N10 R BSVI,"21,000",Diesel,Manual,9.15,"Behala, Kolkata"
2022,Jaguar F-Pace 2.0 R-Dynamic S BSVI,"39,800",Petrol,Automatic,53.95,"Ballygunge RS, Kolkata"
2021,Mahindra XUV300 W8 Option Diesel BSVI,"45,000",Diesel,Manual,8.90,"Jadavpur University, Kolkata"
2019,Maruti Baleno Sigma,"62,924",Petrol,Manual,4.80,"Kolkatta Gpo, Kolkata"
2014,Hyundai Grand i10 Magna,"36,487",Petrol,Manual,3.25,"Salt Lake City, Kolkata"
2023,Maruti Baleno Zeta,"1,678",Petrol,Manual,8.45,"Salt Lake City, Kolkata"
2017,Maruti Swift Dzire AMT ZDI,"44,900",Diesel,Automatic,4.49,"Kolkatta GPO, Kolkata"
2020,Hyundai Venue S,"39,000",Petrol,Manual,5.40,"Alipore, Kolkata"
2019,Hyundai Venue S BSIV,"54,000",Petrol,Manual,6.50,"Kalighat, Kolkata"
2015,Mahindra XUV500 W10 1.99 mHawk,"79,983",Diesel,Manual,6.35,"Alipore, Kolkata"
2022,Hyundai Grand i10 Nios AMT Sportz,"9,850",Petrol,Automatic,5.93,"Alipore, Kolkata"
2016,Honda Jazz 1.2 V i VTEC,"51,000",Petrol,Manual,3.75,"Rash Behari Avenue, Kolkata"
2016,Mahindra XUV500 W6 2WD,"72,351",Diesel,Manual,6,"Topsia, Kolkata"
2019,Maruti Baleno 1.2 Zeta,"21,000",Petrol,Manual,5.75,"Ballygunge, Kolkata"
2020,Kia Seltos HTX G,"27,000",Petrol,Manual,9.50,"Ballygunge, Kolkata"
2019,Kia Seltos GTX Plus,"46,000",Petrol,Manual,9.95,"Ballygunge, Kolkata"
2019,Hyundai Grand i10 1.2 Kappa Sportz Option AT,"30,116",Petrol,Automatic,4.20,"Salt Lake City, Kolkata"
2023,Hyundai i20 Asta,"8,500",Petrol,Manual,7.99,"Park Street Area, Kolkata"
2023,Kia Carens Luxury Plus iMT,"10,000",Petrol,Manual,13.95,"Ballygunge, Kolkata"
2020,Maruti Swift VXI,"40,592",Petrol,Manual,4.75,"Vaishya Sabha, Kolkata"
2020,Hyundai Venue SX Sport iMT,"41,688",Petrol,Manual,6.91,"Kasba, Kolkata"
2018,Maruti Wagon R AMT VXI,"35,629",Petrol,Automatic,3.75,"Salt Lake City, Kolkata"
2016,Hyundai Creta 1.6 VTVT SX Plus,"52,126",Petrol,Manual,5.40,"Salt Lake City, Kolkata"
2024,Honda Amaze 2nd Gen VX,"10,000",Petrol,Manual,7.70,"Ballygunge, Kolkata"
2019,Maruti Swift Dzire AMT ZXI Plus,"40,100",Petrol,Automatic,5.75,"Entally, Kolkata"
2017,Hyundai i20 Asta Option 1.2,"59,000",Petrol,Manual,4.52,"Topsia, Kolkata"
2015,Volkswagen Polo Exquisite 1.5 TDI Highline,"60,000",Diesel,Manual,3.25,"Watgunge, Kolkata"
2016,Maruti Baleno 1.3 Zeta,"55,000",Diesel,Manual,4.25,"Kalighat, Kolkata"
2022,Hyundai Venue SX BSVI,"12,000",Petrol,Manual,8.65,"Kalighat, Kolkata"
2021,Skoda Kushaq 1.5 TSI Style BSVI,"33,000",Petrol,Manual,10.90,"Ballygunge, Kolkata"
2017,Maruti Vitara Brezza VDi Option,"70,625",Diesel,Manual,5.46,"Kolkatta Gpo, Kolkata"
2015,Audi A3 40 TFSI Premium,"51,000",Petrol,Automatic,8.49,"Kasba, Kolkata"
2018,Maruti Wagon R AMT VXI,"35,629",Petrol,Automatic,3.75,"Salt Lake City, Kolkata"
2020,Mahindra XUV300 W6 BSVI,"54,000",Petrol,Manual,5.99,"Kalikapur, Kolkata"
2019,Toyota Glanza V CVT,"30,241",Petrol,Automatic,6.10,"Alipore, Kolkata"
2017,Ford Ecosport 1.5 Ti VCT AT Titanium BSIV,"87,835",Petrol,Automatic,4.50,"University, Kolkata"
2021,Renault KWID 1.0 RXT Opt,"12,000",Petrol,Manual,3.80,"Topsia Road, Kolkata"
2021,Hyundai Grand i10 Nios Sportz,"17,000",Petrol,Manual,5.52,"Topsia, Kolkata"
2021,Mercedes-Benz GLE 300d BSVI,"32,900",Diesel,Automatic,59.50,"Ballygunge Rs, Kolkata"
2018,Mahindra KUV 100 NXT G80 K8,"68,000",Petrol,Manual,3.30,"Ballygunge, Kolkata"
2018,Hyundai Creta 1.6 CRDi SX Option,"78,000",Diesel,Manual,7.35,"Ballygunge, Kolkata"
2022,Hyundai i20 Asta BSVI,"15,000",Petrol,Manual,8,"Elliot Road, Kolkata"
2016,Maruti Baleno 1.2 CVT Delta,"60,141",Petrol,Automatic,4.25,"Salt Lake City, Kolkata"
2018,Hyundai Creta 1.6 SX Option Diesel,"80,000",Diesel,Manual,7.35,"Ballygunge, Kolkata"
2023,Land Rover Range Rover Evoque 2.0 R-Dynamic SE,"10,500",Petrol,Automatic,57.50,"Ballygunge RS, Kolkata"
2020,Hyundai i20 Sportz BSVI,"35,000",Petrol,Manual,4.80,"Alipore, Kolkata"
2017,Honda BR-V i-VTEC VX MT,"34,873",Petrol,Manual,5.91,"University, Kolkata"
2019,Maruti Baleno Sigma,"57,709",Petrol,Manual,4.48,"Kolkatta Gpo, Kolkata"
2016,Maruti Baleno 1.2 CVT Delta,"60,141",Petrol,Automatic,4.25,"Salt Lake City, Kolkata"
2020,Maruti Baleno Delta,"23,000",Petrol,Manual,5.50,"Salt Lake City, Kolkata"
2021,Maruti Baleno Zeta,"3,769",Petrol,Manual,5.84,"University, Kolkata"
2015,Maruti Ertiga VDI,"58,210",Diesel,Manual,4.80,"Alipore, Kolkata"
2023,Kia Sonet HTK Plus Turbo iMT BSVI,"23,000",Petrol,Manual,8.99,"Northern Avenue, Kolkata"
2024,Kia Seltos HTX,"22,000",Petrol,Manual,12.95,"Ballygunge, Kolkata"
2020,Maruti Baleno Zeta,"23,169",Petrol,Manual,4.83,"Kolkatta Gpo, Kolkata"
2022,Mercedes-Benz AMG GLA 35 4MATIC BSVI,"20,500",Petrol,Automatic,46.50,"Ballygunge RS, Kolkata"
2022,Mahindra Thar LX 4WD Hard Top Diesel BSVI,"14,999",Diesel,Manual,12.97,"Kalighat, Kolkata"
2021,Tata Tiago XZ 2020-2022,"16,970",Petrol,Manual,5.25,"University, Kolkata"
2014,Mini Cooper D High,"30,000",Diesel,Automatic,11,"Writers Building S.o, Kolkata"
2016,Hyundai Creta 1.6 VTVT S,"57,000",Petrol,Manual,5.65,"Ballygunge, Kolkata"
2023,Maruti Swift ZXI BSVI,"22,000",Petrol,Manual,6.45,"Ballygunge, Kolkata"
2022,Mahindra Scorpio N Z8 BSVI,"19,755",Petrol,Manual,17.50,"Vaishya Sabha, Kolkata"
2017,Renault Duster 110PS Diesel RxZ AMT,"34,000",Diesel,Automatic,5.35,"Airport Po, Kolkata"
2013,Maruti Wagon R VXI BS IV,"38,000",Petrol,Manual,2.50,"Jadavpur University, Kolkata"
2019,Maruti Vitara Brezza VDi Option,"52,000",Diesel,Manual,5.99,"Ballygunge, Kolkata"
2013,Hyundai Verna 1.4 VTVT,"60,090",Petrol,Manual,3.75,"Alipore, Kolkata"
2015,Hyundai Creta 1.6 VTVT SX Plus SE,"42,000",Petrol,Manual,5.79,"Topsia, Kolkata"
2021,Kia Seltos HTX Plus Diesel,"25,000",Diesel,Manual,11.25,"Salt Lake City, Kolkata"
2016,Honda City i VTEC V,"52,000",Petrol,Manual,4.25,"Kalighat, Kolkata"
2019,Honda Civic ZX BSIV,"39,743",Petrol,Automatic,11.50,"Vaishya Sabha, Kolkata"
2016,Hyundai Xcent 1.2 Kappa SX Option,"26,473",Petrol,Manual,3.40,"Alipore, Kolkata"
2021,Kia Sonet HTK Plus BSVI,"28,000",Petrol,Manual,8.49,"Topsia, Kolkata"
2022,Toyota Fortuner Legender 4x4 AT BSVI,"28,000",Diesel,Automatic,43.95,"Bhowanipore, Kolkata"
2019,Jeep Compass 2.0 Limited Plus BSIV,"24,000",Diesel,Manual,12.50,"Salt Lake City, Kolkata"
2022,Maruti XL6 Alpha,"8,258",Petrol,Manual,10.75,"Salt Lake City, Kolkata"
2019,MG Hector Sharp DCT,"49,698",Petrol,Automatic,10,"Vaishya Sabha, Kolkata"
2016,Jaguar XE Prestige,"37,652",Petrol,Automatic,15.98,"Kasba, Kolkata"
2019,Honda WR-V i-VTEC VX,"33,000",Petrol,Manual,6.25,"Kasba, Kolkata"
2017,Hyundai Creta 1.4 CRDi S Plus,"85,000",Diesel,Manual,5.50,"Ballygunge, Kolkata"
2016,Maruti S Cross DDiS 200 Alpha,"57,455",Diesel,Manual,4.97,"Salt Lake City, Kolkata"
2014,Maruti Wagon R Stingray VXI,"56,556",Petrol,Manual,2.65,"Narendrapur, Kolkata"
2016,Maruti S Cross DDiS 200 Alpha,"57,455",Diesel,Manual,4.97,"Salt Lake City, Kolkata"
2017,Volkswagen Tiguan 2.0 TDI Highline,"44,000",Diesel,Automatic,20,"Elliot Road, Kolkata"
2018,Hyundai Creta 1.6 CRDi SX Option,"1,00,000",Diesel,Manual,7.35,"Ballygunge, Kolkata"
2014,Audi A4 2.0 TDI,"46,885",Diesel,Automatic,9.70,"Alipore, Kolkata"
2018,Maruti Wagon R VXI Plus,"18,543",Petrol,Manual,3.89,"Alipore, Kolkata"
2019,Volkswagen Ameo 1.0 MPI Comfortline,"34,713",Petrol,Manual,4.32,"Kolkatta GPO, Kolkata"
2022,Hyundai Venue SX DT Diesel,"25,000",Diesel,Manual,8.90,"Ballygunge, Kolkata"
2019,Maruti Swift AMT ZDI,"37,235",Diesel,Automatic,5.70,"Beleghata, Kolkata"
2021,Mahindra Thar LX 4WD Hard Top AT BSVI,"21,833",Petrol,Automatic,13.50,"Vaishya Sabha, Kolkata"
2020,Hyundai Grand i10 Nios Sportz,"34,000",Petrol,Manual,5.25,"Kalikapur, Kolkata"
2014,Honda Amaze S i-Dtech,"36,000",Diesel,Manual,2.30,"Airport Po, Kolkata"
2019,Maruti Swift Dzire ZXI Plus,"25,322",Petrol,Manual,5.28,"University, Kolkata"
2017,Maruti Baleno 1.2 Delta,"65,000",Petrol,Manual,4.45,"Rash Behari Avenue, Kolkata"
2015,Maruti Swift VXI,"62,719",Petrol,Manual,3.04,"Kolkatta GPO, Kolkata"
2020,Maruti Swift VXI,"46,000",Petrol,Manual,4.75,"Kalikapur, Kolkata"
2013,Maruti Swift LXI,"47,392",Petrol,Manual,2.87,"Kolkatta GPO, Kolkata"
2019,Mercedes-Benz CLA Urban Sport 200d,"47,496",Diesel,Automatic,18,"Vaishya Sabha, Kolkata"
2019,Honda City SV MT,"41,000",Petrol,Manual,5.25,"Kasba, Kolkata"
2024,Tata Nexon Smart Plus,"5,000",Petrol,Manual,7.50,"Ballygunge, Kolkata"
2020,Hyundai Venue SX Turbo BSIV,"23,000",Petrol,Manual,7.45,"Kasba, Kolkata"
2017,Renault Duster 110PS Diesel RxZ AMT,"66,000",Diesel,Automatic,5.45,"Kasba, Kolkata"
2019,Hyundai Verna VTVT 1.6 SX,"37,000",Petrol,Manual,5.99,"Kalighat, Kolkata"
2015,Hyundai Creta 1.6 VTVT S,"45,000",Petrol,Manual,5.45,"Kalikapur, Kolkata"
2023,Kia Seltos HTX,"9,487",Petrol,Manual,13,"Vaishya Sabha, Kolkata"
2020,Mahindra KUV 100 NXT G80 K2 Plus,"45,000",Petrol,Manual,3.12,"Topsia, Kolkata"
2020,Mahindra Thar LX Hard Top Diesel,"50,000",Diesel,Manual,11.75,"Parnasree Pally, Kolkata"
2015,Hyundai Grand i10 Magna,"11,700",Petrol,Manual,3.99,"Alipore, Kolkata"
2016,Hyundai Verna 1.6 VTVT SX,"24,266",Petrol,Manual,4.33,"Kolkatta Gpo, Kolkata"
2023,Mahindra Thar LX 4-Str Convert Top AT BSVI,"5,500",Petrol,Automatic,12.95,"Ballygunge RS, Kolkata"
2017,Honda BR-V i-VTEC VX MT,"27,000",Petrol,Manual,6.99,"Kasba, Kolkata"
2019,Maruti Wagon R VXI 1.2 BSIV,"81,807",Petrol,Manual,3.08,"Kolkatta Gpo, Kolkata"
2015,Ford Ecosport 1.5 TDCi Titanium Plus BSIV,"35,000",Diesel,Manual,3.99,"Salt Lake City, Kolkata"
2018,Hyundai i20 Petrol CVT Asta,"55,000",Petrol,Automatic,4.85,"Ballygunge, Kolkata"
2021,Maruti Wagon R ZXI 1.2,"19,000",Petrol,Manual,5.35,"Parnasree Pally, Kolkata"
2017,Maruti Baleno 1.2 Sigma,"27,000",Petrol,Manual,4.40,"Netaji Nagar, Kolkata"
2015,Hyundai i20 Asta 1.2,"77,000",Petrol,Manual,3.80,"Topsia, Kolkata"
2018,Mahindra XUV500 R W10 FWD,"54,000",Diesel,Manual,8.99,"Kalikapur, Kolkata"
2014,Mercedes-Benz GLA Class 200 CDI,"30,000",Diesel,Automatic,15,"Vaishya Sabha, Kolkata"
2016,Mahindra XUV500 W6 2WD,"52,000",Diesel,Manual,6,"Topsia, Kolkata"
2021,Kia Carnival Prestige,"14,600",Diesel,Automatic,23.75,"Ballygunge Rs, Kolkata"
2017,Hyundai Creta 1.4 CRDi S Plus,"43,000",Diesel,Manual,5.68,"Kalighat, Kolkata"
2016,Volkswagen Ameo 1.2 MPI Highline,"58,627",Petrol,Manual,2.90,"University, Kolkata"
2016,Hyundai Creta 1.6 CRDi SX Plus,"64,000",Diesel,Manual,6.25,"Ballygunge, Kolkata"
2015,Maruti Swift Dzire LDI,"90,422",Diesel,Manual,3.50,"Kolkatta Gpo, Kolkata"
2013,Hyundai Verna 1.6 EX VTVT,"54,000",Petrol,Manual,3.30,"Ballygunge, Kolkata"
2019,Honda City VX MT,"28,544",Petrol,Manual,7.25,"Salt Lake City, Kolkata"
2018,Hyundai Grand i10 1.2 Kappa Magna BSIV,"29,673",Petrol,Manual,3.62,"University, Kolkata"
2019,Maruti Ertiga ZDI Plus,"52,200",Diesel,Manual,9,"Beleghata, Kolkata"
2015,Honda Jazz 1.5 V i DTEC,"63,541",Diesel,Manual,3.60,"Salt Lake City, Kolkata"
2013,Hyundai i10 Sportz,"30,595",Petrol,Manual,2.40,"Narendrapur, Kolkata"
2018,Ford Endeavour 2.2 Titanium AT 4X2,"84,779",Diesel,Automatic,22,"Vaishya Sabha, Kolkata"
2018,Maruti Vitara Brezza VDi,"31,711",Diesel,Manual,6.50,"Beleghata, Kolkata"
2019,Renault Duster RXS BSIV,"25,848",Petrol,Manual,4.70,"University, Kolkata"
2012,Maruti Swift Dzire VDI,"46,843",Diesel,Manual,2.95,"Beleghata, Kolkata"
2023,Honda Elevate V,"28,000",Petrol,Manual,11.99,"Topsia, Kolkata"
2018,Honda City i-VTEC V,"60,000",Petrol,Manual,6.75,"Rash Behari Avenue, Kolkata"
2019,Hyundai Venue SX Plus Turbo DCT BSIV,"41,000",Petrol,Automatic,7.50,"Topsia, Kolkata"
2019,Maruti Swift Dzire ZXI Plus,"28,000",Petrol,Manual,6,"Parnasree Pally, Kolkata"
2019,Hyundai Grand i10 Nios AMT Sportz,"50,000",Petrol,Automatic,5,"Watgunge, Kolkata"
2018,Toyota Yaris G BSIV,"43,831",Petrol,Manual,4.50,"Alipore, Kolkata"
2014,Honda City i DTEC SV,"96,000",Diesel,Manual,3.65,"Kasba, Kolkata"
2021,Hyundai i20 Sportz IVT BSVI,"47,000",Petrol,Automatic,6.49,"Kalikapur, Kolkata"
2021,Jeep Wrangler Rubicon BSVI,"26,162",Petrol,Automatic,55,"Vaishya Sabha, Kolkata"
2019,Maruti Vitara Brezza VDi,"80,000",Diesel,Manual,5.90,"Ballygunge, Kolkata"
2017,Audi A6 35 TFSI Matrix,"27,865",Petrol,Automatic,22.25,"Salt Lake City, Kolkata"
2023,MG Hector Plus 2.0 Sharp Pro 7 Str Diesel BSVI,"21,479",Diesel,Manual,19,"Vaishya Sabha, Kolkata"
2017,Hyundai Creta 1.6 VTVT AT SX Plus,"63,598",Petrol,Automatic,6,"University, Kolkata"
2021,Toyota Urban cruiser Mid,"20,317",Petrol,Manual,6.70,"University, Kolkata"
2018,Toyota Yaris G CVT BSIV,"56,000",Petrol,Automatic,5.65,"Ballygunge, Kolkata"
2023,Skoda Slavia 1.0 TSI Ambition BSVI,"10,000",Petrol,Manual,9.38,"Kasba, Kolkata"
2021,Hyundai i20 Sportz BSVI,"31,000",Petrol,Manual,6.65,"Bhowanipore, Kolkata"
2022,Mercedes-Benz GLC 220d 4MATIC,"44,800",Diesel,Automatic,43.95,"Ballygunge Rs, Kolkata"
2023,Maruti Grand Vitara Delta,"13,000",Petrol,Manual,10.75,"Ballygunge, Kolkata"
2019,Honda WR-V i-VTEC VX,"47,800",Petrol,Manual,6,"Kasba, Kolkata"
2018,Maruti Swift Dzire ZXI Plus BS IV,"38,000",Petrol,Manual,5.25,"Ballygunge, Kolkata"
2022,Hyundai Grand i10 Nios AMT Asta,"18,000",Petrol,Automatic,6.70,"J.B.S, Kolkata"
2021,MG ZS EV Exclusive,"54,000",Electric,Automatic,14.90,"Kasba, Kolkata"
2016,Hyundai Creta 1.6 VTVT SX Plus,"75,000",Petrol,Manual,6.20,"Alipore, Kolkata"
2021,Ford Aspire Titanium,"28,000",Petrol,Manual,4.50,"Elliot Road, Kolkata"
2020,Mahindra XUV300 W8 Option Diesel BSVI,"31,470",Diesel,Manual,9,"Ballygunge, Kolkata"
2020,Mahindra XUV300 W6 BSVI,"54,669",Petrol,Manual,6,"Vaishya Sabha, Kolkata"
2023,Hyundai Verna SX IVT Opt,"39,960",Petrol,Automatic,13.50,"Vaishya Sabha, Kolkata"
2014,Maruti Swift Dzire VXI,"59,550",Petrol,Manual,3.70,"Alipore, Kolkata"
2024,Hyundai Grand i10 Nios Asta BSVI,"2,000",Petrol,Manual,7.25,"Bhowanipore, Kolkata"
2012,Maruti Ertiga VDI,"45,980",Diesel,Manual,3.79,"Kolkatta GPO, Kolkata"
2019,Honda City VX MT,"28,544",Petrol,Manual,7.25,"Salt Lake City, Kolkata"
2022,BMW 5 Series 520d Luxury Line,"11,400",Diesel,Automatic,46.50,"Ballygunge Rs, Kolkata"
2014,Hyundai i20 Magna Optional 1.2,"35,000",Petrol,Manual,3.15,"Barisha, Kolkata"
2017,Maruti S Cross Zeta DDiS 200 SH,"57,440",Diesel,Manual,5.95,"Ballygunge, Kolkata"
2018,Volkswagen Polo 1.0 MPI Comfortline,"37,900",Petrol,Manual,4.89,"Topsia, Kolkata"
2017,Hyundai i20 Magna AT 1.4,"24,000",Petrol,Automatic,4.25,"Topsia Road, Kolkata"
2020,Volkswagen Polo 1.0 MPI Comfortline,"40,000",Petrol,Manual,4.85,"Ballygunge, Kolkata"
2017,Hyundai Creta 1.6 VTVT E Plus,"35,000",Petrol,Manual,5.82,"Topsia, Kolkata"
2013,Hyundai i10 Sportz,"78,554",Petrol,Manual,2.10,"University, Kolkata"
2011,Hyundai i10 Era,"47,000",Petrol,Manual,1.20,"Alipore, Kolkata"
2023,MG Hector Plus 1.5 Turbo Savvy Pro CVT BSVI,"44,171",Petrol,Automatic,19,"Vaishya Sabha, Kolkata"
2020,Honda WR-V SV,"10,673",Petrol,Manual,6.15,"University, Kolkata"
2021,Maruti Wagon R VXI,"73,383",Petrol,Manual,4,"University, Kolkata"
2014,Maruti Swift Dzire VXI,"36,123",Petrol,Manual,3.01,"Kolkatta Gpo, Kolkata"
2016,Toyota Corolla Altis 1.8 VL CVT,"50,000",Petrol,Automatic,5.75,"Rash Behari Avenue, Kolkata"
2019,Maruti Swift AMT VXI,"50,000",Petrol,Automatic,4.65,"Ghose Bagan, Kolkata"
2019,Mahindra TUV 300 T6 Plus BSIV,"32,000",Diesel,Manual,5.75,"Airport Po, Kolkata"
2016,Mercedes-Benz B Class B200 CDI Sport,"16,187",Diesel,Automatic,13.70,"Salt Lake City, Kolkata"
2016,Toyota Corolla Altis 1.8 VL AT,"50,000",Petrol,Automatic,7.25,"Kalikapur, Kolkata"
2018,Mahindra TUV 300 T10,"72,332",Diesel,Manual,5.40,"Alipore, Kolkata"
2015,Hyundai i20 Active 1.2 SX,"55,000",Petrol,Manual,3.49,"Watgunge, Kolkata"
2019,Honda City VX MT,"66,000",Petrol,Manual,7.35,"Rash Behari Avenue, Kolkata"
2022,Mahindra XUV300 W8 Option Dual Tone BSVI,"19,000",Petrol,Manual,9.99,"Ballygunge, Kolkata"
2016,Hyundai Grand i10 Magna AT,"46,153",Petrol,Automatic,3.50,"Beleghata, Kolkata"
2020,Hyundai Venue SX Opt Turbo,"12,900",Petrol,Manual,7.85,"Ballygunge, Kolkata"
2022,Tata Altroz XM plus BSVI,"39,219",Petrol,Manual,5.38,"University, Kolkata"
2020,Hyundai Venue SX Opt Turbo,"12,000",Petrol,Manual,7.95,"Ballygunge, Kolkata"
2022,Audi Q2 Technology,"26,000",Petrol,Automatic,27.50,"Ballygunge, Kolkata"
2019,Honda Jazz VX,"33,000",Petrol,Manual,4.98,"Kasba, Kolkata"
2022,Kia Sonet GTX Plus Turbo DCT,"15,853",Petrol,Automatic,9.75,"Kalighat, Kolkata"
2020,Honda WR-V i-VTEC VX,"28,000",Petrol,Manual,7.25,"Council House Street, Kolkata"
2018,Maruti Swift Dzire ZXI Plus,"72,055",Petrol,Manual,6.18,"Kolkatta GPO, Kolkata"
2019,Honda Civic ZX BSIV,"39,000",Petrol,Automatic,11.50,"Kalikapur, Kolkata"
2021,Maruti XL6 Alpha AT,"36,000",Petrol,Automatic,9.95,"Ballygunge, Kolkata"
2023,Maruti Swift Dzire VXI,"25,000",Petrol,Manual,6.64,"Entally, Kolkata"
2019,Tata Harrier XZ BSIV,"52,000",Diesel,Manual,10.75,"Kalighat, Kolkata"
2013,Skoda Superb Elegance 1.8 TSI AT,"70,000",Petrol,Automatic,3.50,"Writers Building S.o, Kolkata"
2022,Maruti Baleno Alpha BSVI,"36,000",Petrol,Manual,7.15,"Bhowanipore, Kolkata"
2022,Tata Nexon EV XZ Plus Lux Dark Edition,"39,350",Electric,Automatic,9.50,"Vaishya Sabha, Kolkata"
2020,Maruti Wagon R VXI,"8,000",Petrol,Manual,4.85,"Jadavpur University, Kolkata"
2018,Hyundai Elantra 1.6 SX Option AT,"97,369",Diesel,Automatic,5.80,"Alipore, Kolkata"
2015,Toyota Corolla Altis G MT,"50,000",Petrol,Manual,5.62,"Topsia, Kolkata"
2014,Hyundai i20 Sportz 1.2,"59,000",Petrol,Manual,2.80,"Topsia Road, Kolkata"
2019,Honda WR-V i-VTEC VX,"67,000",Petrol,Manual,6,"Ballygunge, Kolkata"
2015,Volkswagen Polo 1.5 TDI Highline,"45,000",Diesel,Manual,3.75,"Jadavpur University, Kolkata"
2015,Maruti Ertiga ZDI,"1,11,700",Diesel,Manual,5.40,"Kolkatta Gpo, Kolkata"
2018,Honda City i-VTEC VX,"68,000",Petrol,Manual,6.75,"Ballygunge, Kolkata"
2015,Mahindra TUV 300 T6 Plus,"34,019",Diesel,Manual,5.15,"Garia Bt, Kolkata"
2016,Toyota Corolla Altis G MT,"1,11,345",Petrol,Manual,5.25,"Salt Lake City, Kolkata"
2016,BMW X1 sDrive 20d xLine,"39,000",Diesel,Automatic,13.90,"Ballygunge, Kolkata"
2019,Honda WR-V i-VTEC S,"36,080",Petrol,Manual,5.50,"Beleghata, Kolkata"
2020,Hyundai Grand i10 Nios Sportz,"50,000",Petrol,Manual,4.80,"Alipore, Kolkata"
2019,BMW X5 xDrive 30d xLine,"58,137",Diesel,Automatic,58,"Vaishya Sabha, Kolkata"
2018,Honda City i-VTEC CVT ZX,"45,000",Petrol,Automatic,7.50,"Ballygunge, Kolkata"
2011,Mercedes-Benz C-Class C 250d Avantgarde Edition C,"60,000",Diesel,Automatic,5.75,"Watgunge, Kolkata"
2016,Hyundai i20 Active 1.2,"45,000",Petrol,Manual,3.85,"Kasba, Kolkata"
2010,Toyota Innova 2.5 G4 Diesel 8-seater,"2,00,000",Diesel,Manual,3.49,"Barisha, Kolkata"
2017,Honda WR-V i-VTEC VX,"45,000",Petrol,Manual,5.50,"Ballygunge, Kolkata"
2019,Hyundai i20 Sportz Plus,"48,000",Petrol,Manual,5.69,"Ballygunge, Kolkata"
2013,Maruti Wagon R VXI BS IV,"49,521",Petrol,Manual,2.60,"Narendrapur, Kolkata"
2013,Hyundai i10 Magna,"36,000",Petrol,Manual,2.20,"Jadavpur University, Kolkata"
2020,Audi A6 45 TFSI Technology BSVI,"40,868",Petrol,Automatic,35,"Vaishya Sabha, Kolkata"
2019,Maruti Wagon R VXI,"99,212",Petrol,Manual,4.31,"Kolkatta Gpo, Kolkata"
2019,Volkswagen Polo 1.0 MPI Comfortline BSIV,"50,000",Petrol,Manual,4.52,"Topsia, Kolkata"
2016,Honda Jazz 1.2 SV i VTEC,"64,000",Petrol,Manual,3.25,"Kasba, Kolkata"
2011,Maruti A-Star Vxi,"4,800",Petrol,Manual,2.80,"Netaji Nagar, Kolkata"
2020,Maruti Wagon R VXI 1.2,"49,000",Petrol,Manual,4.25,"Ballygunge, Kolkata"
2017,Audi A4 35 TDI Technology,"30,889",Diesel,Automatic,22.50,"Salt Lake City, Kolkata"
2017,Audi A6 35 TFSI,"27,865",Petrol,Automatic,22.25,"Salt Lake City, Kolkata"
2014,Hyundai Verna 1.4 VTVT,"62,388",Petrol,Manual,3.70,"Salt Lake City, Kolkata"
2018,Mahindra XUV500 W9 1.99,"77,000",Diesel,Manual,9.10,"Behala, Kolkata"
2022,Audi Q2 Technology,"44,000",Petrol,Automatic,26.95,"Ballygunge, Kolkata"
2023,Mahindra XUV300 W8 Option Dual Tone BSVI,"19,000",Petrol,Manual,9.95,"Ballygunge, Kolkata"
2014,Audi A3 35 TDI Attraction,"49,000",Diesel,Automatic,10.50,"Watgunge, Kolkata"
2018,Hyundai Creta 1.6 VTVT AT SX Plus,"55,000",Petrol,Automatic,8.65,"Ballygunge, Kolkata"
2021,Renault KWID 1.0 RXT Opt,"13,962",Petrol,Manual,3.85,"University, Kolkata"
2022,MG Astor Sharp EX BSVI,"22,000",Petrol,Manual,10.90,"Ballygunge, Kolkata"
2022,Mahindra Thar LX 4-Str Convert Top Diesel BSVI,"37,000",Diesel,Manual,12.25,"Netaji Nagar, Kolkata"
2018,Hyundai Creta 1.6 SX Automatic,"52,000",Petrol,Automatic,8.75,"Ballygunge, Kolkata"
2016,Mitsubishi Pajero Sport 4X2 AT,"79,000",Diesel,Automatic,9.50,"Kasba, Kolkata"
2018,Honda City VX MT,"48,000",Petrol,Manual,6.95,"Ballygunge, Kolkata"
2017,Mercedes-Benz GLC 220d 4MATIC Style,"26,000",Diesel,Automatic,32.50,"Bhowanipore, Kolkata"
2017,Hyundai Creta 1.4 E Plus CRDi,"56,000",Diesel,Manual,6.50,"Topsia, Kolkata"
2020,Hyundai Creta SX BSVI,"27,000",Petrol,Manual,11.69,"Topsia, Kolkata"
2019,Maruti Alto K10 VXI,"4,490",Petrol,Manual,3.45,"Alipore, Kolkata"
2023,Mahindra XUV300 W8 Opt,"18,000",Petrol,Manual,9.99,"Ballygunge, Kolkata"
2019,Mercedes-Benz GLE 43 AMG Coupe,"28,000",Petrol,Automatic,59,"Ballygunge Rs, Kolkata"
2018,Honda City ZX CVT,"45,000",Petrol,Automatic,7.75,"Ballygunge, Kolkata"
2014,Audi A6 2.0 TDI Premium Plus,"34,560",Diesel,Automatic,12.90,"Salt Lake City, Kolkata"
2022,Hyundai i20 Asta BSVI,"10,903",Petrol,Manual,7.15,"University, Kolkata"
2016,Maruti Wagon R VXI BS IV,"36,000",Petrol,Manual,3.50,"Topsia Road, Kolkata"
2016,Toyota Etios G,"62,000",Petrol,Manual,3.50,"Topsia, Kolkata"
2018,Toyota Yaris G Optional CVT,"56,000",Petrol,Automatic,5.99,"Ballygunge, Kolkata"
2020,MG Hector Plus Sharp Diesel MT,"70,000",Diesel,Manual,12.49,"Topsia, Kolkata"
2017,Mahindra XUV500 R W10 FWD,"45,000",Diesel,Manual,8.19,"Kolkatta GPO, Kolkata"
2015,Mercedes-Benz C-Class C 200 AVANTGARDE,"38,000",Petrol,Automatic,15,"Vaishya Sabha, Kolkata"
2020,Kia Carnival Limousine,"32,722",Diesel,Automatic,27,"Vaishya Sabha, Kolkata"
2018,Jeep Compass 2.0 Limited Option,"75,000",Diesel,Manual,8.90,"Ballygunge, Kolkata"
2018,Maruti Celerio X ZXI BSIV,"39,925",Petrol,Manual,3.40,"Salt Lake City, Kolkata"
2018,Audi Q3 30 TFSI Premium FWD,"36,000",Petrol,Automatic,19,"Ballygunge, Kolkata"
2017,Mitsubishi Pajero Sport 4X2 AT,"82,514",Diesel,Automatic,14.25,"Salt Lake City, Kolkata"
2015,Mahindra Xylo D4,"75,840",Diesel,Manual,3.25,"Alipore, Kolkata"
2013,Audi A6 2.0 TDI Premium Plus,"34,085",Diesel,Automatic,12.90,"Salt Lake City, Kolkata"
2017,Mercedes-Benz S-Class S 350 CDI,"34,100",Diesel,Automatic,44.95,"Ballygunge Rs, Kolkata"
2019,Honda BR-V i-DTEC VX MT,"62,615",Diesel,Manual,7.25,"Vaishya Sabha, Kolkata"
2012,Toyota Innova 2.5 GX 8 STR,"55,000",Diesel,Manual,4.99,"Salt Lake City, Kolkata"
2018,Hyundai Creta 1.6 VTVT SX Plus,"51,035",Petrol,Manual,8.90,"Salt Lake City, Kolkata"
2017,Mahindra XUV500 R W10 FWD,"64,260",Diesel,Manual,9,"Ballygunge, Kolkata"
2016,Mahindra XUV500 R W10 FWD,"68,612",Diesel,Manual,8.50,"Beleghata, Kolkata"
2020,Audi A3 35 TDI Premium Plus,"54,388",Diesel,Automatic,17,"Vaishya Sabha, Kolkata"
2016,BMW X3 xDrive 20d Luxury Line,"60,942",Diesel,Automatic,17,"Vaishya Sabha, Kolkata"
2017,Jaguar XF 2.0 Diesel Portfolio,"18,000",Diesel,Automatic,26.25,"Salt Lake City, Kolkata"
2015,Volkswagen Vento Magnific 1.5 TDI Highline,"44,800",Diesel,Manual,3.29,"Kolkatta GPO, Kolkata"
2012,Toyota Fortuner 4x2 4 Speed AT,"85,212",Diesel,Automatic,8.75,"Council House Street, Kolkata"
2018,Porsche 911 Carrera S,"17,600",Petrol,Manual,1.48 Crore,"Ballygunge RS, Kolkata"
2017,Mahindra XUV500 W9,"60,615",Diesel,Manual,8,"Vaishya Sabha, Kolkata"
2014,Audi Q5 2.0 TDI Premium Plus,"34,125",Diesel,Automatic,14.40,"Salt Lake City, Kolkata"
2018,Mahindra XUV500 W11 FWD Diesel,"90,000",Diesel,Manual,9.99,"Topsia, Kolkata"
2014,Mercedes-Benz C-Class 220 CDI AT,"19,032",Diesel,Automatic,12.50,"Salt Lake City, Kolkata"
2014,Mercedes-Benz C-Class 220 CDI AT,"19,032",Diesel,Automatic,12.50,"Salt Lake City, Kolkata"
2019,Maruti Ciaz Alpha Automatic BSIV,"22,258",Petrol,Automatic,7.63,"University, Kolkata"
2013,Audi Q5 2.0 TDI,"34,000",Diesel,Automatic,14.40,"Salt Lake City, Kolkata"
2018,Audi Q3 30 TFSI Premium FWD,"36,000",Petrol,Automatic,18.90,"Ballygunge, Kolkata"
2014,Mercedes-Benz C-Class C 220 CDI Avantgarde,"38,000",Diesel,Automatic,11.50,"Ballygunge, Kolkata"
2018,BMW 6 Series GT 630d Luxury Line,"48,397",Diesel,Automatic,34,"Vaishya Sabha, Kolkata"
2018,Toyota Corolla Altis 1.8 VL CVT,"57,000",Petrol,Automatic,9.75,"Ballygunge, Kolkata"
2014,Ford Ecosport 1.5 Ti VCT AT Titanium,"50,000",Petrol,Automatic,3.99,"Kasba, Kolkata"
2013,Mercedes-Benz C-Class 220 CDI AT,"40,238",Diesel,Automatic,11.15,"Salt Lake City, Kolkata"
2015,Audi Q5 3.0 TDI Quattro,"90,000",Diesel,Automatic,11.99,"Topsia, Kolkata"
2013,Honda Brio V AT,"48,900",Petrol,Automatic,2.65,"Kalighat, Kolkata"
2020,Maruti Swift VXI,"24,000",Petrol,Manual,5.10,"Elliot Road, Kolkata"
2016,Honda City i VTEC V,"38,000",Petrol,Manual,3.85,"Kalighat, Kolkata"
2014,Hyundai EON Sportz,"26,006",Petrol,Manual,2.15,"Garia Bt, Kolkata"
2011,Chevrolet Spark 1.0,"27,000",Petrol,Manual,1.10,"Ballygunge, Kolkata"
2017,Maruti Ertiga SHVS VDI,"91,000",Diesel,Manual,6.92,"Kasba, Kolkata"
2017,Hyundai Grand i10 Sportz,"45,000",Petrol,Manual,3.70,"Parnasree Pally, Kolkata"
2020,Kia Seltos HTX G,"19,000",Petrol,Manual,9.25,"Ballygunge, Kolkata"
2016,Maruti Swift VXI,"51,000",Petrol,Manual,3.35,"Parnasree Pally, Kolkata"
2019,Mahindra TUV 300 T4,"78,000",Diesel,Manual,5.25,"Ballygunge, Kolkata"
2020,Kia Sonet HTX Turbo iMT BSVI,"7,000",Petrol,Manual,7.90,"Kasba, Kolkata"
2019,Mahindra TUV 300 T4 Plus,"94,000",Diesel,Manual,5.25,"Ballygunge, Kolkata"
2021,Kia Seltos HTX Diesel,"83,004",Diesel,Manual,9.80,"Alipore, Kolkata"
2015,Ford Ecosport 1.5 DV5 MT Titanium,"36,000",Diesel,Manual,3.50,"Airport Po, Kolkata"
2011,Hyundai i10 Era 1.1 iTech SE,"47,000",Petrol,Manual,1.50,"Airport Po, Kolkata"
2019,Tata Harrier XZ BSIV,"44,000",Diesel,Manual,9.99,"Rash Behari Avenue, Kolkata"
2016,Maruti Wagon R VXI BS IV,"54,000",Petrol,Manual,3.11,"Ballygunge, Kolkata"
2017,Maruti Ciaz VXi,"57,000",Petrol,Manual,3.99,"Kasba, Kolkata"
2015,Maruti Wagon R VXI BS IV,"45,300",Petrol,Manual,2.35,"Alipore, Kolkata"
2022,Maruti Swift Dzire ZXI AT BSVI,"24,923",Petrol,Automatic,6.30,"University, Kolkata"
2016,Toyota Corolla Altis VL AT,"50,000",Petrol,Automatic,5.45,"Kalighat, Kolkata"
2020,Maruti Celerio ZXI AMT Optional,"52,000",Petrol,Automatic,3.85,"Ballygunge, Kolkata"
2017,Maruti Vitara Brezza LDi Option,"58,483",Diesel,Manual,4.73,"Kolkatta Gpo, Kolkata"
2021,Mercedes-Benz GLA 200 BSVI,"16,200",Petrol,Automatic,31.95,"Ballygunge Rs, Kolkata"
2014,Nissan Sunny Diesel XV,"62,000",Diesel,Manual,2.49,"Kasba, Kolkata"
2016,Hyundai Creta 1.4 CRDi S Plus,"45,000",Diesel,Manual,5.75,"Council House Street, Kolkata"
2018,Hyundai Santro Sportz AMT BSIV,"10,000",Petrol,Automatic,3.95,"Kasba, Kolkata"
2022,Hyundai Venue SX Turbo,"12,000",Petrol,Manual,8.65,"Rash Behari Avenue, Kolkata"
2021,Hyundai Grand i10 Nios Sportz,"34,294",Petrol,Manual,5.12,"Salt Lake City, Kolkata"
2016,Hyundai Creta 1.6 VTVT SX Plus,"52,126",Petrol,Manual,5.60,"Salt Lake City, Kolkata"
2018,Hyundai Xcent 1.2 CRDi SX,"66,000",Diesel,Manual,3.99,"Ballygunge, Kolkata"
2013,Hyundai i20 Sportz 1.2,"52,200",Petrol,Manual,2.95,"Alipore, Kolkata"
2023,Volkswagen Taigun 1.0 Topline AT,"9,000",Petrol,Automatic,15,"Topsia, Kolkata"
2018,Hyundai Verna VTVT 1.6 SX Option,"27,000",Petrol,Manual,6.99,"Salt Lake City, Kolkata"
2013,BMW 5 Series 525d Luxury Line,"40,000",Diesel,Automatic,9.92,"Kasba, Kolkata"
2016,Hyundai Creta 1.6 CRDi SX Plus Dual Tone,"59,000",Diesel,Manual,6.25,"Ballygunge, Kolkata"
2023,Hyundai Grand i10 Nios Asta,"12,000",Petrol,Manual,6.49,"Kasba, Kolkata"
2022,Kia Sonet HTK Plus BSVI,"9,000",Petrol,Manual,7.99,"Ballygunge, Kolkata"
2022,Hyundai i20 Sportz BSVI,"24,000",Petrol,Manual,6.85,"Bhawanipore, Kolkata"
2019,Hyundai Creta 1.6 EX Petrol,"74,343",Petrol,Manual,6.99,"Alipore, Kolkata"
2014,Toyota Etios Liva G,"34,937",Petrol,Manual,2.95,"Kasba, Kolkata"
2020,Tata Tiago XT BSVI,"59,212",Petrol,Manual,3.70,"University, Kolkata"
2021,Ford Ecosport Signature Edition Diesel BSIV,"18,000",Diesel,Manual,8.90,"Jadavpur University, Kolkata"
2017,Honda City i VTEC SV,"58,000",Petrol,Manual,4.40,"Ballygunge, Kolkata"
2014,Hyundai Grand i10 Sportz,"63,000",Petrol,Manual,2.60,"Alipore, Kolkata"
2015,Hyundai Verna 1.4 VTVT,"35,363",Petrol,Manual,3.65,"University, Kolkata"
2019,MG Hector Sharp DCT,"49,698",Petrol,Automatic,9.99,"Kalikapur, Kolkata"
2017,Honda City i VTEC S,"77,000",Petrol,Manual,4.75,"Ballygunge, Kolkata"
2011,Honda Jazz Basic,"49,000",Petrol,Manual,1.85,"Airport Po, Kolkata"
2022,Volkswagen Virtus Topline AT BSVI,"20,001",Petrol,Automatic,13,"Vaishya Sabha, Kolkata"
2018,Honda WR-V i-DTEC VX,"38,000",Diesel,Manual,5.69,"Northern Avenue, Kolkata"
2022,Mahindra Scorpio N Z8 BSVI,"19,000",Petrol,Manual,17.49,"Kalikapur, Kolkata"
2024,Hyundai Creta S (O) Diesel,"4,000",Diesel,Manual,16,"Elliot Road, Kolkata"
2022,Skoda Kushaq 1.5 TSI Style DSG DT,"15,303",Petrol,Automatic,13,"Vaishya Sabha, Kolkata"
2012,Volkswagen Vento Petrol Breeze,"49,000",Petrol,Manual,2.10,"Airport Po, Kolkata"
2014,Maruti Alto 800 LXI,"34,013",Petrol,Manual,2.15,"Garia Bt, Kolkata"
2017,Ford Ecosport 1.5 Petrol Titanium Plus BSIV,"27,000",Petrol,Manual,4.75,"Salt Lake City, Kolkata"
2023,Jeep Compass 2.0 Model S Opt 4x4 AT,"30,000",Diesel,Automatic,23.99,"Kalikapur, Kolkata"
2021,Hyundai Creta E BSVI,"24,109",Petrol,Manual,9.25,"Vaishya Sabha, Kolkata"
2018,Hyundai Xcent 1.2 CRDi SX,"52,000",Diesel,Manual,3.99,"Ballygunge, Kolkata"
2013,Maruti Swift Dzire VXI,"51,434",Petrol,Manual,2.70,"University, Kolkata"
2017,Hyundai i20 Era 1.2,"55,571",Petrol,Manual,3.50,"University, Kolkata"
2022,Skoda Kushaq 1.0 TSI Ambition BSVI,"33,769",Petrol,Manual,9.91,"Kasba, Kolkata"
2015,Honda Amaze S i-Dtech,"42,342",Diesel,Manual,2.90,"Beleghata, Kolkata"
2016,Honda Amaze S i-Vtech,"83,803",Petrol,Manual,3.10,"University, Kolkata"
2018,Maruti Celerio VXI AMT BSIV,"44,000",Petrol,Automatic,3.45,"Kasba, Kolkata"
2014,Mahindra Bolero ZLX,"1,10,000",Diesel,Manual,3.85,"Topsia Road, Kolkata"
2021,Maruti Celerio LXI BSVI,"41,000",Petrol,Manual,4.29,"Topsia, Kolkata"
2018,Hyundai Creta 1.4 CRDi S Plus,"56,000",Diesel,Manual,6.75,"Rash Behari Avenue, Kolkata"
2021,Honda City V MT,"34,435",Petrol,Manual,7.25,"Salt Lake City, Kolkata"
2013,Maruti Wagon R VXI BS IV,"60,714",Petrol,Manual,2.23,"Kolkatta Gpo, Kolkata"
2021,Honda City V MT,"34,435",Petrol,Manual,7.25,"Salt Lake City, Kolkata"
2020,Honda CR-V 2.0 CVT,"14,000",Petrol,Automatic,16.95,"Ballygunge Rs, Kolkata"
2019,Ford Ecosport Sports Diesel,"45,000",Diesel,Manual,8.50,"Jadavpur University, Kolkata"
2011,Hyundai i10 Magna,"48,129",Petrol,Manual,1.72,"Topsia, Kolkata"
2022,Mahindra Thar LX 4WD Hard Top Diesel BSVI,"15,205",Diesel,Manual,12.50,"Alipore, Kolkata"
2018,Toyota Innova Crysta 2.4 GX MT,"1,20,000",Diesel,Manual,12.51,"Ballygunge, Kolkata"
2016,Hyundai Grand i10 Sportz,"45,985",Petrol,Manual,3.20,"Alipore, Kolkata"
2018,Volkswagen Ameo 1.0 MPI Comfortline,"46,508",Petrol,Manual,3.21,"Kolkatta Gpo, Kolkata"
2013,Hyundai Verna 1.4 VTVT,"30,409",Petrol,Manual,2.85,"Alipore, Kolkata"
2015,Maruti Wagon R VXI BS IV,"47,834",Petrol,Manual,2.54,"Kolkatta Gpo, Kolkata"
2021,Tata Nexon XZ Plus (O) BSVI,"17,000",Petrol,Manual,7.99,"Kasba, Kolkata"
2011,BMW 3 Series 320d,"40,000",Diesel,Automatic,7.50,"Salt Lake City, Kolkata"
2021,Toyota Fortuner Legender 4x4 AT 2023,"25,719",Diesel,Automatic,40,"Vaishya Sabha, Kolkata"
2011,Maruti Wagon R VXI BSIII,"27,000",Petrol,Manual,2.25,"Alipore, Kolkata"
2018,Ford Ecosport 1.5 Petrol Titanium Plus AT BSIV,"30,296",Petrol,Automatic,6,"University, Kolkata"
2019,Mercedes-Benz GLA 4MATIC,"15,600",Petrol,Automatic,20.95,"Ballygunge Rs, Kolkata"
2017,Honda Amaze S i-VTEC,"47,000",Petrol,Manual,3.55,"Behala, Kolkata"
2020,Mahindra XUV300 W8 BSVI,"67,000",Petrol,Manual,7.65,"Council House Street, Kolkata"
2022,Jeep Meridian Limited Opt AT 4x4 BSVI,"23,231",Diesel,Automatic,28,"Vaishya Sabha, Kolkata"
2018,Mahindra KUV 100 NXT G80 K8 6Str,"52,000",Petrol,Manual,3.30,"Ballygunge, Kolkata"
2017,Ford Aspire 1.5 TDCi Titanium,"46,273",Diesel,Manual,3.70,"Beleghata, Kolkata"
2016,Maruti Celerio ZXI AT Optional,"44,000",Petrol,Automatic,2.99,"Ballygunge, Kolkata"
2015,Honda City i VTEC SV,"50,000",Petrol,Manual,3.50,"Kalighat, Kolkata"
2019,Ford Ecosport 1.5 Diesel Trend BSIV,"55,260",Diesel,Manual,5.95,"Kasba, Kolkata"
2016,Maruti Alto K10 VXI,"38,290",Petrol,Manual,2.60,"Narendrapur, Kolkata"
2019,Hyundai Venue SX Dual Tone Turbo BSIV,"65,000",Petrol,Manual,6.35,"Rash Behari Avenue, Kolkata"
2023,Mahindra Scorpio S 11,"25,614",Diesel,Manual,16.90,"Salt Lake City, Kolkata"
2017,Jeep Compass 2.0 Limited Option,"64,464",Diesel,Manual,6.99,"Salt Lake City, Kolkata"
2023,Maruti Swift ZXI,"22,000",Petrol,Manual,6.45,"Ballygunge, Kolkata"
2021,Maruti XL6 Alpha AT,"36,000",Petrol,Automatic,9.80,"Ballygunge, Kolkata"
2020,Honda Amaze S Petrol,"46,000",Petrol,Manual,5,"Netaji Nagar, Kolkata"
2016,Honda City i VTEC VX,"54,950",Petrol,Manual,4.49,"Behala, Kolkata"
2017,Ford Aspire Trend,"1,00,119",Petrol,Manual,2.90,"Vivekanandapur, Kolkata"
2014,Honda Amaze SX i-VTEC,"58,000",Petrol,Manual,2.90,"Ballygunge, Kolkata"
2015,Hyundai Xcent 1.1 CRDi S,"87,000",Diesel,Manual,2.25,"Alipore, Kolkata"
2015,Maruti Swift VXI,"62,000",Petrol,Manual,2.75,"Behala, Kolkata"
2019,Maruti Swift Dzire AMT ZXI,"14,188",Petrol,Automatic,5.75,"Salt Lake City, Kolkata"
2011,Chevrolet Beat LT,"43,610",Petrol,Manual,1.75,"Narendrapur, Kolkata"
2014,Hyundai Verna 1.6 SX VTVT (O),"49,476",Petrol,Manual,4.50,"Beleghata, Kolkata"
2018,Hyundai Verna VTVT 1.6 SX,"37,000",Petrol,Manual,5.35,"Ballygunge, Kolkata"
2024,Mahindra XUV 3XO AX5,"7,000",Petrol,Manual,10.49,"Northern Avenue, Kolkata"
2015,Renault Duster 4x4,"62,000",Diesel,Manual,3.52,"Topsia, Kolkata"
2014,Audi Q3 2.0 TDI,"53,018",Diesel,Automatic,9.50,"Vaishya Sabha, Kolkata"
2021,Tata Tiago XT BSVI,"33,831",Petrol,Manual,4.30,"University, Kolkata"
2020,Hyundai i20 Asta Turbo iMT,"39,547",Petrol,Manual,5.75,"University, Kolkata"
2016,Maruti Wagon R VXI 1.2,"48,000",Petrol,Manual,2.99,"Ballygunge, Kolkata"
2019,Land Rover Discovery HSE 3.0 TD6,"53,546",Diesel,Automatic,32.80,"Salt Lake City, Kolkata"
2023,Maruti Baleno Delta,"13,800",Petrol,Manual,6.49,"Northern Avenue, Kolkata"
2014,Maruti Swift Dzire VDI,"44,128",Diesel,Manual,3.40,"Beleghata, Kolkata"
2022,Tata Nexon XZ Plus BSVI,"17,000",Petrol,Manual,9.49,"Kalikapur, Kolkata"
2021,Hyundai Creta SX Turbo BSVI,"76,898",Petrol,Automatic,13,"Vaishya Sabha, Kolkata"
2021,Jaguar I-Pace HSE,"63,167",Electric,Automatic,60,"Vaishya Sabha, Kolkata"
2018,Honda Amaze V CVT Petrol BSIV,"46,252",Petrol,Automatic,4.95,"University, Kolkata"
2016,Honda City i VTEC V,"52,000",Petrol,Manual,4.25,"Rash Behari Avenue, Kolkata"
2015,Hyundai Grand i10 Sportz,"37,151",Petrol,Manual,3.35,"Beleghata, Kolkata"
2017,Mitsubishi Pajero Sport 4X2 AT Dual Tone,"82,541",Diesel,Automatic,14.25,"Salt Lake City, Kolkata"
2019,Jeep Compass 2.0 Limited Plus BSIV,"23,000",Diesel,Manual,12.50,"Salt Lake City, Kolkata"
2019,Hyundai Creta 1.6 SX Option,"48,000",Petrol,Manual,8.99,"Ballygunge, Kolkata"
2017,Nissan Micra Active XV,"23,546",Petrol,Manual,2.95,"Salt Lake City, Kolkata"
2022,Maruti Swift LXI BSVI,"53,241",Petrol,Manual,5.01,"Kolkatta Gpo, Kolkata"
2011,BMW 3 Series 320d,"40,000",Diesel,Automatic,7.50,"Salt Lake City, Kolkata"
2018,Lamborghini Urus V8,"27,200",Petrol,Automatic,3.39 Crore,"Ballygunge Rs, Kolkata"
2016,BMW X1 sDrive20d Expedition,"42,000",Diesel,Automatic,13.90,"Ballygunge, Kolkata"
2021,Hyundai Verna SX,"20,000",Petrol,Manual,9.75,"Kalikapur, Kolkata"
2018,Mahindra XUV500 W10 2WD,"37,000",Diesel,Manual,9.99,"Salt Lake City, Kolkata"
2017,Ford Figo 1.2P Trend MT,"40,000",Petrol,Manual,2.80,"Park Street Area, Kolkata"
2020,Hyundai Santro Asta,"41,142",Petrol,Manual,3.75,"Salt Lake City, Kolkata"
2018,Volkswagen Tiguan 2.0 TDI Highline,"80,000",Diesel,Automatic,13.75,"Kalighat, Kolkata"
2021,Tata Altroz XZ Diesel BSVI,"67,380",Diesel,Manual,4.90,"University, Kolkata"
2018,Renault Duster 110PS Diesel RxZ AMT,"49,000",Diesel,Automatic,6,"Topsia, Kolkata"
2024,Porsche Macan Standard,"6,600",Petrol,Automatic,79.95,"Ballygunge Rs, Kolkata"
2019,Hyundai Verna VTVT 1.4 E,"57,942",Petrol,Manual,5.41,"University, Kolkata"
2018,Toyota Etios Liva VX Limited Edition,"27,000",Petrol,Manual,4.25,"Kalighat, Kolkata"
2018,Toyota Corolla Altis 1.8 J,"25,000",Petrol,Manual,6.25,"Kalighat, Kolkata"
2023,Jeep Compass 2.0 Model S Opt 4x4 AT,"30,979",Diesel,Automatic,23,"Vaishya Sabha, Kolkata"
2013,Mercedes-Benz B Class B180 Sports,"65,000",Petrol,Automatic,5.85,"Kasba, Kolkata"
2020,Mahindra Marazzo M4 8Str,"51,000",Diesel,Manual,7.75,"Kasba, Kolkata"
2011,Maruti SX4 ZXI MT BSIV,"46,000",Petrol,Manual,1.68,"Kolkatta GPO, Kolkata"
2018,Mahindra KUV 100 NXT G80 K8 6Str,"30,688",Petrol,Manual,3.40,"Salt Lake City, Kolkata"
2012,Land Rover Range Rover Evoque 2.2L Dynamic,"89,000",Diesel,Automatic,10.49,"Kasba, Kolkata"
2020,MG Hector Sharp Diesel MT BSIV,"56,202",Diesel,Manual,11.50,"Vaishya Sabha, Kolkata"
2015,Nissan Terrano XL 110 PS,"64,200",Diesel,Manual,2.99,"Northern Avenue, Kolkata"
2023,Hyundai IONIQ 5 Long Range RWD,"26,664",Electric,Automatic,29.99,"Salt Lake City, Kolkata"
2019,Volvo XC60 D4 Momentum,"31,000",Diesel,Automatic,29,"Kasba, Kolkata"
2021,Hyundai Creta SX BSVI,"37,521",Petrol,Manual,10.25,"Council House Street, Kolkata"
2015,Mercedes-Benz B Class B200 Sport CDI,"16,187",Diesel,Automatic,13.70,"Salt Lake City, Kolkata"
2016,Mahindra XUV500 R W10 FWD,"64,000",Diesel,Manual,6.65,"Rash Behari Avenue, Kolkata"
2017,Mercedes-Benz E-Class Exclusive E 200,"64,946",Petrol,Automatic,27,"Vaishya Sabha, Kolkata"
2017,Maserati Levante Diesel BSIV,"35,107",Diesel,Automatic,60,"Vaishya Sabha, Kolkata"
2017,Volkswagen Tiguan 2.0 TDI Highline,"52,000",Diesel,Automatic,13,"E.k.t, Kolkata"
2012,Toyota Fortuner 4x2 Manual,"74,000",Diesel,Manual,9.75,"Kalighat, Kolkata"
2019,Mahindra Scorpio S11 BSIV,"75,449",Diesel,Manual,11.75,"Alipore, Kolkata"
2017,Hyundai Creta 1.6 CRDi SX,"45,000",Diesel,Manual,7,"Topsia, Kolkata"
2015,Hyundai Verna 1.6 SX VTVT,"28,000",Petrol,Manual,3.90,"Kasba, Kolkata"
2015,Toyota Fortuner 4x2 Manual,"65,000",Diesel,Manual,13.99,"Salt Lake City, Kolkata"
2018,Toyota Innova Crysta 2.4 G MT 8S BSIV,"1,33,000",Diesel,Manual,12.50,"Ballygunge, Kolkata"
2014,Honda Mobilio S i-VTEC,"42,000",Petrol,Manual,3.50,"Jadavpur University, Kolkata"
2014,Hyundai Grand i10 Asta,"64,000",Petrol,Manual,2.99,"Rash Behari Avenue, Kolkata"
2016,Porsche Cayenne Diesel Platinum Edition,"1,10,004",Diesel,Automatic,40,"Vaishya Sabha, Kolkata"
2017,Datsun RediGO 1.0 T Option,"35,000",Petrol,Manual,1.99,"Airport Po, Kolkata"
2013,Toyota Fortuner 4x4 MT,"59,000",Diesel,Manual,10.99,"Salt Lake City, Kolkata"
2015,Land Rover Range Rover Evoque 2.2L Dynamic,"45,800",Diesel,Automatic,18.75,"Ballygunge Rs, Kolkata"
2017,Maruti Ciaz VDi Option SHVS,"55,000",Diesel,Manual,4.50,"Ballygunge, Kolkata"
2014,Mini Cooper Hatch,"13,400",Petrol,Automatic,16.50,"Ballygunge Rs, Kolkata"
2017,Mercedes-Benz S-Class S 350 CDI,"34,000",Diesel,Automatic,49,"Ballygunge, Kolkata"
2017,Mercedes-Benz GLS 350d 4MATIC,"79,058",Diesel,Automatic,40,"Vaishya Sabha, Kolkata"
2015,Audi Q3 35 TDI Quattro Premium Plus,"68,000",Diesel,Automatic,10.21,"Rash Behari Avenue, Kolkata"
2017,Honda Amaze S i-VTEC,"50,706",Petrol,Manual,2.79,"Kolkatta Gpo, Kolkata"
2021,Hyundai Venue S Plus,"29,000",Petrol,Manual,6.65,"Ballygunge, Kolkata"
2020,Tata Harrier XMA AT,"47,124",Diesel,Automatic,8.99,"Kalikapur, Kolkata"
2021,Mahindra Scorpio S5,"22,000",Diesel,Manual,12.49,"Park Street Area, Kolkata"
2011,Maruti Wagon R LXI BS IV,"32,000",Petrol,Manual,1.65,"Topsia Road, Kolkata"
2018,Hyundai Verna VTVT 1.6 SX,"37,000",Petrol,Manual,5.35,"Ballygunge, Kolkata"
2023,Mahindra XUV700 AX7L 7Str Diesel AT,"4,800",Diesel,Automatic,22.50,"Ballygunge, Kolkata"
2016,Honda City i VTEC VX Option,"50,000",Petrol,Manual,4.30,"Ghose Bagan, Kolkata"
2010,Chevrolet Aveo U-VA 1.2 LS,"67,000",Petrol,Manual,"92,817","Kolkatta Gpo, Kolkata"
2011,Chevrolet Spark 1.0 LS,"27,000",Petrol,Manual,1.10,"Ballygunge, Kolkata"
2016,Maruti Alto K10 VXI,"52,000",Petrol,Manual,2.71,"Topsia, Kolkata"
2021,Tata Nexon XM BSVI,"24,883",Petrol,Manual,6.60,"University, Kolkata"
2013,Maruti Ritz LDi,"1,00,500",Diesel,Manual,1.99,"Kasba, Kolkata"
2012,Maruti Wagon R VXI BS IV,"81,403",Petrol,Manual,2,"Kolkatta Gpo, Kolkata"
2013,Maruti Alto K10 LXI,"35,000",Petrol,Manual,1.95,"Barisha, Kolkata"
2015,Maruti Alto 800 LXI,"37,000",Petrol,Manual,2.11,"Topsia, Kolkata"
2019,Mercedes-Benz GLA Class 200 d Sport,"32,569",Diesel,Automatic,20,"Vaishya Sabha, Kolkata"
2017,Maruti Wagon R VXI BS IV,"25,000",Petrol,Manual,2.99,"Salt Lake City, Kolkata"
2010,Honda City 1.5 V MT,"55,000",Petrol,Manual,1.75,"Salt Lake City, Kolkata"
2008,Hyundai Santro Xing GLS,"29,000",Petrol,Manual,1.25,"Topsia Road, Kolkata"
2013,Honda Amaze SX i-VTEC,"58,000",Petrol,Manual,2.55,"Ballygunge, Kolkata"
2019,Honda Amaze S Petrol,"64,999",Petrol,Manual,3.99,"Vivekanandapur, Kolkata"
2014,Maruti Wagon R VXI BS IV,"10,000",Petrol,Manual,2.95,"Jadavpur University, Kolkata"
2020,Tata Harrier XMA AT,"47,120",Diesel,Automatic,9.50,"Vaishya Sabha, Kolkata"
2015,Hyundai Creta 1.6 VTVT S,"41,410",Petrol,Manual,4.95,"Alipore, Kolkata"
2019,Maruti Swift LXI,"69,300",Petrol,Manual,3.60,"Alipore, Kolkata"
2013,Hyundai EON Era Plus,"55,000",Petrol,Manual,1.70,"Alipore, Kolkata"
2015,Renault Duster 85PS Diesel RxL,"63,000",Diesel,Manual,3.50,"Jadavpur University, Kolkata"
2013,Hyundai i20 Magna,"67,000",Petrol,Manual,1.90,"Alipore, Kolkata"
2017,Mahindra KUV 100 mFALCON G80 K8,"21,117",Petrol,Manual,2.85,"Alipore, Kolkata"
2021,Jeep Compass 1.4 Limited Option,"24,677",Petrol,Automatic,13.50,"Vaishya Sabha, Kolkata"
2018,Tata Tiago 1.2 Revotron XZ,"27,000",Petrol,Manual,4,"Elliot Road, Kolkata"
2019,Volkswagen Polo 1.0 MPI Comfortline BSIV,"20,200",Petrol,Manual,4.29,"Kalighat, Kolkata"
2013,Honda Amaze S i-Vtech,"58,000",Petrol,Manual,2.55,"Ballygunge, Kolkata"
2014,Datsun GO A Petrol,"37,005",Petrol,Manual,1.71,"Garia Bt, Kolkata"
2012,Maruti Alto 800 LXI,"48,314",Petrol,Manual,1.49,"Narendrapur, Kolkata"
2016,Mahindra KUV 100 mFALCON G80 K2,"49,000",Petrol,Manual,2.35,"Parnasree Pally, Kolkata"
2007,Hyundai Santro Xing XL,"97,543",Petrol,Manual,"80,000","Alipore, Kolkata"
2023,Kia Sonet HTK Plus Turbo iMT BSVI,"22,000",Petrol,Manual,8.95,"Ballygunge, Kolkata"
2015,Volkswagen Polo 1.5 TDI Comfortline,"58,000",Diesel,Manual,2.85,"Ballygunge, Kolkata"
2019,Maruti Baleno Zeta,"21,000",Petrol,Manual,5.75,"Ballygunge, Kolkata"
2020,BMW 5 Series 520d Luxury Line,"8,600",Diesel,Automatic,39.95,"Ballygunge Rs, Kolkata"
2010,Hyundai i20 1.2 Magna,"49,000",Petrol,Manual,1.60,"Airport Po, Kolkata"
2021,Maruti Ciaz Delta BSVI,"50,000",Petrol,Manual,6.50,"Ghose Bagan, Kolkata"
2020,Hyundai Tucson GLS Diesel AT,"16,000",Diesel,Automatic,16.50,"Ballygunge, Kolkata"
2015,Maruti Swift VXI,"28,679",Petrol,Manual,3,"University, Kolkata"
2020,Honda Civic ZX,"24,400",Petrol,Automatic,12.75,"Ballygunge Rs, Kolkata"
2010,Hyundai Verna Transform VTVT,"89,000",Petrol,Manual,1.80,"Kasba, Kolkata"
2019,Hyundai Grand i10 Nios Sportz,"42,914",Petrol,Manual,4.99,"Salt Lake City, Kolkata"
2013,Maruti Swift VXI,"65,000",Petrol,Manual,2.85,"Topsia Road, Kolkata"
2013,Maruti Ertiga ZDI,"36,000",Diesel,Manual,1.50,"Airport Po, Kolkata"
2016,Hyundai i10 Sportz 1.1L,"79,248",Petrol,Manual,2.15,"Kolkatta Gpo, Kolkata"
2019,Mahindra Scorpio S3 7 Seater,"90,000",Diesel,Manual,9.95,"Ballygunge, Kolkata"
2015,Hyundai Verna 1.6 VTVT S,"44,589",Petrol,Manual,3.72,"Topsia, Kolkata"
2012,Honda Brio S MT,"76,000",Petrol,Manual,1.98,"Kasba, Kolkata"
2023,Mahindra Scorpio S 11 BSVI,"25,614",Diesel,Manual,16.90,"Salt Lake City, Kolkata"
2010,Hyundai i20 1.2 Magna,"49,000",Petrol,Manual,1.50,"Airport Po, Kolkata"
2017,Hyundai Grand i10 1.2 Kappa Magna BSIV,"61,301",Petrol,Manual,3,"University, Kolkata"
2006,Maruti Wagon R LXI BSII,"61,000",Petrol,Manual,"99,000","Ballygunge, Kolkata"
2019,Land Rover Discovery HSE 3.0 TD6,"53,546",Diesel,Automatic,32.80,"Salt Lake City, Kolkata"
2021,Mahindra Bolero Neo N10 BSVI,"24,000",Diesel,Manual,7.99,"Salt Lake City, Kolkata"
2017,Nissan Micra Active XV,"21,532",Petrol,Manual,2.95,"Salt Lake City, Kolkata"
2022,Volkswagen Virtus Comfortline BSVI,"7,000",Petrol,Manual,8.99,"Kalikapur, Kolkata"
2022,Hyundai Creta SX BSVI,"25,000",Petrol,Manual,11.94,"Entally, Kolkata"
2014,Maruti Alto 800 LXI,"24,298",Petrol,Manual,1.90,"University, Kolkata"
2019,Maruti Ciaz Delta,"29,953",Petrol,Manual,6.25,"Kasba, Kolkata"
2017,Jeep Compass 1.4 Limited,"41,000",Petrol,Automatic,8.15,"Rash Behari Avenue, Kolkata"
2014,Audi A4 2.0 TDI Premium Plus,"65,000",Diesel,Automatic,10.49,"Northern Avenue, Kolkata"
2022,Honda Amaze VX Petrol,"27,279",Petrol,Manual,6,"University, Kolkata"
2013,Honda Brio VX,"68,000",Petrol,Manual,1.99,"Kalikapur, Kolkata"
2019,Tata Harrier XZ BSIV,"43,301",Diesel,Manual,10.50,"Vaishya Sabha, Kolkata"
2019,Nissan Kicks Petrol,"30,000",Petrol,Manual,5.62,"Topsia, Kolkata"
2018,Land Rover Range Rover Velar R-Dynamic S Diesel,"43,584",Diesel,Automatic,58,"Vaishya Sabha, Kolkata"
2022,Mahindra Scorpio S BSVI,"48,700",Diesel,Manual,12.45,"Behala, Kolkata"
2017,Renault Duster 85PS Diesel RxE,"56,000",Diesel,Manual,4.65,"Behala, Kolkata"
2015,Honda Brio S MT,"41,000",Petrol,Manual,2.65,"Behala, Kolkata"
2016,Hyundai Grand i10 Sportz,"39,864",Petrol,Manual,2.84,"Kolkatta Gpo, Kolkata"
2016,Renault Duster 85PS Diesel RxS,"45,000",Diesel,Manual,4.19,"Kolkatta GPO, Kolkata"
2017,Honda BR-V i-VTEC VX MT,"63,000",Petrol,Manual,6.35,"Rash Behari Avenue, Kolkata"
2014,Hyundai Grand i10 Asta Option,"64,000",Petrol,Manual,3,"Kalighat, Kolkata"
2016,Hyundai Elantra 2.0 SX Option AT,"26,000",Petrol,Automatic,7,"Watgunge, Kolkata"
2020,Maruti Wagon R VXI 1.2,"52,500",Petrol,Manual,4.35,"Kasba, Kolkata"
2017,Maruti Ertiga SHVS ZDI Plus,"68,000",Diesel,Manual,7.65,"Council House Street, Kolkata"
2013,Hyundai Elantra SX,"45,000",Petrol,Manual,2.99,"Airport Po, Kolkata"
2012,Toyota Fortuner 4x2 Manual,"88,000",Diesel,Manual,10,"Salt Lake City, Kolkata"
2012,Toyota Innova 2.5 VX 7 STR BSIV,"1,55,000",Diesel,Manual,5.50,"E.k.t, Kolkata"
2012,Toyota Fortuner 4x4 MT,"55,000",Diesel,Manual,9.50,"Salt Lake City, Kolkata"
2015,Volkswagen Vento Magnific 1.6 Highline,"68,000",Petrol,Manual,2.99,"Kasba, Kolkata"
2016,Toyota Innova Crysta 2.4 ZX MT BSIV,"65,000",Diesel,Manual,12.99,"Salt Lake City, Kolkata"
2020,Maruti Ertiga VXI,"40,000",Petrol,Manual,8,"Topsia, Kolkata"
2021,Maruti Ertiga ZXI Plus,"36,500",Petrol,Manual,8.88,"Entally, Kolkata"
2010,Honda Jazz Active,"49,000",Petrol,Manual,1.50,"Airport Po, Kolkata"
2010,Hyundai i10 Magna 1.2,"43,971",Petrol,Manual,1.39,"Kalighat, Kolkata"
2016,Datsun GO Plus A Petrol,"64,900",Petrol,Manual,1.72,"Park Street Area, Kolkata"
2011,Maruti Ritz VXi,"44,407",Petrol,Manual,1.62,"Kolkatta Gpo, Kolkata"
2014,Honda Amaze S i-Vtech,"47,260",Petrol,Manual,2.40,"Alipore, Kolkata"
2018,Maruti Ertiga VXI Petrol,"25,670",Petrol,Manual,7.15,"Kolkatta Gpo, Kolkata"
2017,Maruti Celerio ZXI,"34,000",Petrol,Manual,2.99,"Kasba, Kolkata"
2017,Hyundai Creta 1.6 CRDi SX Option,"43,000",Diesel,Manual,6.75,"Kalighat, Kolkata"
2015,Maruti Swift VXI,"68,588",Petrol,Manual,3,"University, Kolkata"
2015,Maruti Swift VXI,"75,229",Petrol,Manual,3,"University, Kolkata"
2013,Maruti Ertiga ZXI,"50,000",Petrol,Manual,4.49,"Parnasree Pally, Kolkata"
2010,Maruti Wagon R VXI BS IV,"78,852",Petrol,Manual,1.86,"Kolkatta Gpo, Kolkata"
2013,Hyundai i10 Magna,"34,000",Petrol,Manual,2.52,"Topsia, Kolkata"
2016,Hyundai Grand i10 Sportz,"75,938",Petrol,Manual,2.96,"University, Kolkata"
2023,Mahindra XUV300 W8 Opt,"14,000",Petrol,Manual,9.49,"Kasba, Kolkata"
2008,BMW X3 2.0i SAV,"53,000",Petrol,Automatic,3.95,"Kasba, Kolkata"
2010,Maruti Alto 800 LXi,"62,571",Petrol,Manual,1.10,"Narendrapur, Kolkata"
2022,Mahindra Scorpio S5,"48,000",Diesel,Manual,12.20,"Jadavpur University, Kolkata"
2022,Toyota Fortuner Legender 4x4 AT BSVI,"73,300",Diesel,Automatic,36.95,"Ballygunge Rs, Kolkata"
2020,Toyota Innova Crysta 2.4 ZX 7 STR,"45,000",Diesel,Manual,16.99,"Salt Lake City, Kolkata"
2022,Tata Harrier XZA Plus AT BSVI,"48,920",Diesel,Automatic,15,"Vaishya Sabha, Kolkata"
2014,Maruti Alto K10 2010-2014 VXI,"26,000",Petrol,Manual,1.85,"Barisha, Kolkata"
2010,Volkswagen Vento Petrol Breeze,"66,000",Petrol,Manual,1.85,"Topsia Road, Kolkata"
2018,Toyota Yaris VX CVT BSIV,"53,000",Petrol,Automatic,5.95,"Kalighat, Kolkata"
2020,Tata Altroz XE,"56,153",Petrol,Manual,4.25,"Alipore, Kolkata"
2013,Skoda Superb Elegance 1.8 TSI AT,"21,000",Petrol,Automatic,3.99,"Kasba, Kolkata"
2011,Volkswagen Polo Petrol Comfortline 1.2L,"46,000",Petrol,Manual,2,"Kolkatta GPO, Kolkata"
2015,Renault Duster 110PS Diesel RxL,"47,166",Diesel,Manual,3.75,"Kalighat, Kolkata"
2021,Toyota Fortuner 4X2 BSVI,"34,212",Petrol,Manual,25.50,"Council House Street, Kolkata"
2015,Ford Figo Petrol Titanium,"32,000",Petrol,Manual,2.75,"Airport Po, Kolkata"
2022,Mahindra XUV700 AX7 Diesel AT BSVI,"20,300",Diesel,Automatic,19,"Entally, Kolkata"
2023,Hyundai Grand i10 Nios Sportz,"9,128",Petrol,Manual,6.07,"University, Kolkata"
2016,Renault KWID RXT,"25,107",Petrol,Manual,2.60,"Narendrapur, Kolkata"
2012,Honda Brio S MT,"38,000",Petrol,Manual,1.80,"Netaji Nagar, Kolkata"
2021,Mahindra Bolero B6 Opt BSVI,"80,000",Diesel,Manual,7.50,"Ballygunge, Kolkata"
2023,Maruti Ertiga ZXI Plus,"13,000",Petrol,Manual,9.75,"Kasba, Kolkata"
2022,MG ZS EV Exclusive,"39,900",Electric,Automatic,14.75,"Ballygunge Rs, Kolkata"
2014,Renault Pulse RxL,"51,268",Diesel,Manual,1.99,"Kalighat, Kolkata"
2015,Honda Jazz 1.2 VX i VTEC,"82,457",Petrol,Manual,2.85,"Kolkatta Gpo, Kolkata"
2023,Mahindra XUV700 AX5 7 Str Diesel AT,"23,915",Diesel,Automatic,18.50,"Vaishya Sabha, Kolkata"
2017,Renault KWID RXT,"23,193",Petrol,Manual,2.50,"Salt Lake City, Kolkata"
2018,Ford Freestyle Titanium Plus Diesel BSIV,"55,000",Diesel,Manual,3.99,"Kalikapur, Kolkata"
2016,Mahindra Scorpio S4 9 Seater,"73,148",Diesel,Manual,7.80,"Alipore, Kolkata"
2011,Toyota Etios G,"63,000",Petrol,Manual,1.99,"Kasba, Kolkata"
2012,Honda Brio S MT,"62,460",Petrol,Manual,1.20,"Alipore, Kolkata"
2011,Chevrolet Tavera ELITE LS B3 10 Seats BSIII,"1,63,744",Diesel,Manual,1.55,"Alipore, Kolkata"
2022,Maruti Ertiga ZXI,"43,000",Petrol,Manual,9.25,"Jadavpur University, Kolkata"
2015,Datsun GO T BSIV,"29,000",Petrol,Manual,1.90,"Kalighat, Kolkata"
2014,Hyundai i20 Sportz Option 1.2,"52,000",Petrol,Manual,3.40,"Watgunge, Kolkata"
2008,Toyota Innova 2.0 G4 7S,"1,25,000",Petrol,Manual,2.88,"Kasba, Kolkata"
2023,Maruti Alto K10 LXi BSVI,"2,045",Petrol,Manual,3.80,"University, Kolkata"
2019,Honda Civic ZX BSIV,"24,577",Petrol,Automatic,12,"Vaishya Sabha, Kolkata"
2023,Maruti Alto K10 VXi Plus BSVI,"6,000",Petrol,Manual,3.95,"Ghose Bagan, Kolkata"
2023,Kia Seltos GTX Plus Diesel AT,"14,000",Diesel,Automatic,18.50,"Entally, Kolkata"
2023,Kia Carens Prestige BSVI,"8,000",Petrol,Manual,10.45,"Bhowanipore, Kolkata"
2019,Kia Seltos GTX Plus,"42,000",Petrol,Manual,10.29,"E.k.t, Kolkata"
2016,Honda Mobilio S i-VTEC,"35,000",Petrol,Manual,3.99,"Salt Lake City, Kolkata"
2022,Mahindra Bolero Neo N10 Option BSVI,"22,000",Diesel,Manual,8.99,"Bhowanipore, Kolkata"
2020,Kia Seltos HTK Plus Diesel,"41,000",Diesel,Manual,9.90,"Ballygunge, Kolkata"
2021,Maruti Baleno 1.2 CVT Alpha,"40,000",Petrol,Automatic,6.25,"Rash Behari Avenue, Kolkata"
2023,Hyundai Creta SX IVT,"22,000",Petrol,Automatic,13.95,"Bhowanipore, Kolkata"
2022,Hyundai Venue S Plus,"27,000",Petrol,Manual,6.75,"Ballygunge, Kolkata"
2022,Maruti Celerio ZXI,"12,431",Petrol,Manual,5.50,"Beleghata, Kolkata"
2015,Volkswagen Polo 1.5 TDI Comfortline,"53,000",Diesel,Manual,2.85,"Ballygunge, Kolkata"
2020,Tata Altroz XE,"56,000",Petrol,Manual,4.25,"Barisha, Kolkata"
2023,Honda City ZX CVT,"11,000",Petrol,Automatic,13.95,"Ballygunge, Kolkata"
2020,Kia Sonet HTX Turbo iMT BSVI,"36,523",Petrol,Manual,6.50,"Council House Street, Kolkata"
2020,Kia Seltos GTX Plus Diesel AT,"38,000",Diesel,Automatic,11.35,"Rash Behari Avenue, Kolkata"
2018,Hyundai Verna VTVT 1.6 SX Option,"39,556",Petrol,Manual,5.50,"Salt Lake City, Kolkata"
2018,Maruti Celerio ZXI Optional AMT BSIV,"40,100",Petrol,Automatic,3.84,"Entally, Kolkata"
2018,Hyundai Xcent CRDi Prime T Plus,"1,21,686",Diesel,Manual,2.57,"Kolkatta Gpo, Kolkata"
2019,MG Hector Sharp Diesel MT BSIV,"55,121",Diesel,Manual,8.75,"Council House Street, Kolkata"
2019,Maruti Swift AMT ZXI BSIV,"11,200",Petrol,Automatic,5.75,"Netaji Nagar, Kolkata"
2020,Maruti Baleno Delta,"48,000",Petrol,Manual,5.50,"Ballygunge, Kolkata"
2018,Maruti Baleno Alpha CVT,"39,881",Petrol,Automatic,5.75,"Vaishya Sabha, Kolkata"
2022,Maruti Baleno 1.2 Alpha,"23,100",Petrol,Manual,8.40,"Netaji Nagar, Kolkata"
2022,Hyundai Grand i10 Nios Magna,"5,000",Petrol,Manual,5.50,"Ballygunge, Kolkata"
2020,Tata Nexon XZA Plus (O) AMT Diesel,"73,072",Diesel,Automatic,9.51,"Khardah, Kolkata"
2015,Hyundai Verna 1.6 VTVT SX,"41,000",Petrol,Manual,3.95,"Ballygunge, Kolkata"
2019,Mahindra TUV 300 T4,"75,000",Diesel,Manual,5.75,"Ballygunge, Kolkata"
2019,Mahindra TUV 300 T4 Plus,"78,000",Diesel,Manual,5.65,"Ballygunge, Kolkata"
2014,Honda City i DTec V,"64,400",Diesel,Manual,3.93,"Entally, Kolkata"
2019,Renault KWID 1.0 RXT Optional,"47,009",Petrol,Manual,3.50,"Beleghata, Kolkata"
2018,Hyundai Creta 1.6 SX Option,"23,200",Petrol,Manual,9.30,"Netaji Nagar, Kolkata"
2016,Maruti Wagon R VXI,"46,270",Petrol,Manual,3.20,"Beleghata, Kolkata"
2019,Mahindra TUV 300 T4 Plus,"85,000",Diesel,Manual,6.35,"Ballygunge, Kolkata"
2020,Volkswagen Polo 1.0 MPI Trendline,"50,000",Petrol,Manual,4.90,"Ballygunge, Kolkata"
2015,Hyundai Grand i10 CRDi Magna,"64,000",Diesel,Manual,2.99,"Ballygunge, Kolkata"
2019,Mahindra TUV 300 T4 Plus,"75,000",Diesel,Manual,6.25,"Ballygunge, Kolkata"
2016,Ford Endeavour 3.2 Titanium AT 4X4,"72,085",Diesel,Automatic,16,"Vaishya Sabha, Kolkata"
2019,Jeep Compass 2.0 Limited Plus 4X4,"45,662",Diesel,Manual,12.50,"Vaishya Sabha, Kolkata"
2019,Honda Civic VX,"44,000",Petrol,Automatic,11.95,"Ballygunge, Kolkata"
2019,Honda Civic VX BSIV,"44,000",Petrol,Automatic,12.50,"Ballygunge, Kolkata"
2015,Hyundai Grand i10 CRDi Magna,"61,000",Diesel,Manual,2.99,"Ballygunge, Kolkata"
2017,Volvo V40 D3 R Design,"17,144",Diesel,Automatic,15.50,"Vaishya Sabha, Kolkata"
2014,Mercedes-Benz C-Class C 220d Avantgarde Edition C,"32,000",Diesel,Automatic,11.50,"Ballygunge, Kolkata"
2018,Toyota Corolla Altis 1.8 VL CVT,"55,000",Petrol,Automatic,9.90,"Ballygunge, Kolkata"
2017,Mercedes-Benz S-Class S 350 CDI,"32,000",Diesel,Automatic,49,"Ballygunge, Kolkata"
2015,Renault KWID RXL,"35,000",Petrol,Manual,2.15,"Airport Po, Kolkata"
2022,Kia Carens Luxury Plus Turbo DCT 6 STR 2022-2023,"10,564",Petrol,Automatic,15,"Vaishya Sabha, Kolkata"
2010,Maruti Ritz VXI,"29,000",Petrol,Manual,1.70,"Topsia, Kolkata"
2022,Hyundai Grand i10 Nios Magna,"5,000",Petrol,Manual,5.75,"Ballygunge, Kolkata"
2019,Honda Civic ZX BSIV,"37,125",Petrol,Automatic,9.85,"Council House Street, Kolkata"
2022,Renault Triber RXT EASY-R AMT BSVI,"75,100",Petrol,Automatic,5.85,"Beleghata, Kolkata"
2012,Hyundai EON D Lite Plus,"40,000",Petrol,Manual,1.70,"Topsia, Kolkata"
2020,Tata Nexon EV XZ Plus LUX,"21,000",Electric,Automatic,9.75,"Salt Lake City, Kolkata"
2010,Fiat Linea Dynamic,"75,000",Petrol,Manual,1.50,"Ballygunge, Kolkata"
2021,Hyundai Venue S Plus,"57,000",Petrol,Manual,6.99,"Topsia, Kolkata"
2023,Hyundai Venue SX Opt Turbo iMT BSVI,"28,321",Petrol,Manual,8.90,"Council House Street, Kolkata"
2023,Maruti Ertiga Tour STD Opt,"15,000",Petrol,Manual,9.50,"Netaji Nagar, Kolkata"
2021,Maruti Alto 800 VXI BSVI,"30,000",Petrol,Manual,2.90,"Ghose Bagan, Kolkata"
2022,Kia Carens Luxury Plus Turbo 2022-2023,"24,000",Petrol,Manual,12.30,"Entally, Kolkata"
2018,Maruti Ertiga VXI Petrol,"17,000",Petrol,Manual,7.95,"Bhowanipore, Kolkata"
2018,Honda WR-V i-VTEC S,"35,329",Petrol,Manual,5.10,"Salt Lake City, Kolkata"
2010,Fiat Linea Dynamic Pack,"75,000",Petrol,Manual,1.85,"Ballygunge, Kolkata"
2016,Maruti Ciaz VDi Plus SHVS,"55,000",Diesel,Manual,3.75,"Council House Street, Kolkata"
2012,Ford Figo Diesel ZXI,"36,612",Diesel,Manual,1.95,"Beleghata, Kolkata"
2015,Hyundai Verna 1.6 VTVT SX,"42,000",Petrol,Manual,3.99,"Ballygunge, Kolkata"
2016,Renault Duster 85PS Diesel RxL,"51,000",Diesel,Manual,3.95,"Ballygunge, Kolkata"
2020,Volkswagen Polo 1.0 MPI Trendline,"48,000",Petrol,Manual,4.50,"Ballygunge, Kolkata"
2019,Mahindra TUV 300 T4 Plus,"85,000",Diesel,Manual,5.75,"Ballygunge, Kolkata"
2020,Jeep Compass 2.0 Limited Plus,"42,000",Diesel,Manual,10.99,"E.k.t, Kolkata"
2019,Mahindra TUV 300 T4 Plus,"85,000",Diesel,Manual,6.25,"Ballygunge, Kolkata"
2021,Hyundai Verna SX,"20,501",Petrol,Manual,9.75,"Vaishya Sabha, Kolkata"
2017,Maruti Ciaz Delta 1.5,"55,000",Diesel,Manual,4.99,"Ballygunge, Kolkata"
2017,Maruti Ciaz Delta Diesel,"65,000",Diesel,Automatic,4.50,"Ballygunge, Kolkata"
2010,Fiat Linea Emotion,"78,000",Petrol,Manual,1.80,"Ballygunge, Kolkata"
2015,Skoda Superb Elegance 1.8 TSI AT,"56,000",Petrol,Automatic,5.61,"Rash Behari Avenue, Kolkata"
2016,Toyota Innova Crysta 2.4 VX MT 8 STR,"65,000",Diesel,Manual,13.45,"Bhowanipore, Kolkata"
2010,Honda City 1.5 S MT,"49,000",Petrol,Manual,1.65,"Airport Po, Kolkata"
2010,Hyundai i10 Magna 1.2,"55,800",Petrol,Manual,"98,000","Park Street Area, Kolkata"
2012,Chevrolet Beat Diesel LS,"45,900",Diesel,Manual,1.29,"Kolkatta GPO, Kolkata"
2023,Kia Sonet HTK Plus,"4,125",Petrol,Manual,9.89,"E.K.T, Kolkata"
2010,Hyundai Santro Xing GL,"45,000",Petrol,Manual,"99,000","Topsia, Kolkata"
2023,Maruti Grand Vitara Delta BSVI,"9,000",Petrol,Manual,10.75,"Ballygunge, Kolkata"
2014,Nissan Micra XV CVT,"23,000",Petrol,Automatic,2.25,"Salt Lake City, Kolkata"
2015,Ford Figo 1.2 Trend Plus MT,"46,000",Petrol,Manual,2.65,"Kolkatta GPO, Kolkata"
2006,Maruti Wagon R LXI BS IV,"61,000",Petrol,Manual,1.15,"Ballygunge, Kolkata"
2023,Mercedes-Benz C-Class C 200 BSVI,"6,300",Petrol,Automatic,48,"Ballygunge Rs, Kolkata"
2018,Ford Figo 1.2P Ambiente MT,"33,857",Petrol,Manual,2.99,"Topsia, Kolkata"
2021,Mahindra Scorpio S11,"23,000",Diesel,Manual,14.80,"Netaji Nagar, Kolkata"
2016,Ford Figo 1.5D Trend MT,"52,361",Diesel,Manual,2.79,"Topsia, Kolkata"
2022,Volkswagen Virtus Comfortline BSVI,"7,187",Petrol,Manual,9,"Vaishya Sabha, Kolkata"
2020,BMW 3 Series 320d Luxury Line,"25,100",Diesel,Automatic,28.50,"Ballygunge Rs, Kolkata"
2015,Toyota Etios Cross 1.2L G,"61,000",Petrol,Manual,2.25,"Kasba, Kolkata"
2023,Mahindra Scorpio N Z8L Diesel AT BSVI,"31,916",Diesel,Automatic,19.50,"Vaishya Sabha, Kolkata"
2022,Kia Carens Luxury Plus Diesel AT BSVI,"17,510",Diesel,Automatic,15.54,"Entally, Kolkata"
2023,Mahindra Scorpio N Z8L Diesel 4x4 AT BSVI,"29,062",Diesel,Automatic,22,"Vaishya Sabha, Kolkata"
2021,Hyundai Alcazar Platinum 7-Seater Diesel BSVI,"32,000",Diesel,Manual,13.90,"Ballygunge, Kolkata"
2023,Honda City ZX CVT,"9,000",Petrol,Automatic,13.91,"Ballygunge, Kolkata"
2017,Ford Ecosport 1.5 Petrol Titanium,"83,258",Petrol,Manual,4.99,"Salt Lake City, Kolkata"
2023,BYD Atto 3 Special Edition,"29,606",Electric,Automatic,27,"Vaishya Sabha, Kolkata"
2017,Tata Tiago 1.2 Revotron XE,"35,000",Petrol,Manual,2.99,"Airport Po, Kolkata"
2023,Mahindra XUV700 AX7 Diesel AT Luxury Pack AWD BSVI,"9,000",Diesel,Automatic,23.75,"Bhowanipore, Kolkata"
2016,Mahindra Scorpio S4 9 Seater,"75,000",Diesel,Manual,7.75,"Barisha, Kolkata"
2016,Mahindra Bolero SLE,"94,000",Diesel,Manual,4.35,"Kalighat, Kolkata"
2016,Renault Duster 85PS Diesel RxL,"48,000",Diesel,Manual,3.95,"Ballygunge, Kolkata"
2021,Toyota Fortuner 4X4 Diesel,"66,193",Diesel,Manual,29.50,"Vaishya Sabha, Kolkata"
2016,Mahindra Scorpio S10 7 Seater,"58,197",Diesel,Manual,9.25,"Beleghata, Kolkata"
2024,Toyota Fortuner 4X4 Diesel,"2,596",Diesel,Manual,39,"Vaishya Sabha, Kolkata"
2021,Mahindra Thar LX 4-Str Hard Top AT BSVI,"12,000",Petrol,Automatic,13.49,"E.K.T, Kolkata"
2022,Mahindra Scorpio S5,"42,000",Diesel,Manual,12.95,"Bhowanipore, Kolkata"
2015,Datsun GO Plus T BSIV,"36,000",Petrol,Manual,1.85,"Airport Po, Kolkata"
2010,Honda City 1.5 E MT,"49,000",Petrol,Manual,1.50,"Airport Po, Kolkata"
2021,Maruti Ertiga VXI,"26,140",Petrol,Manual,8.75,"Netaji Nagar, Kolkata"
2021,Mahindra XUV700 AX7 AT Luxury Pack BSVI,"46,927",Petrol,Automatic,18,"Vaishya Sabha, Kolkata"
2014,Mahindra Scorpio S4 7 Seater,"35,796",Diesel,Manual,7.50,"Netaji Nagar, Kolkata"
2011,Chevrolet Beat LS,"47,000",Petrol,Manual,1.25,"Airport Po, Kolkata"
2020,Tata Nexon EV XZ Plus Lux,"72,000",Electric,Automatic,7.98,"Entally, Kolkata"
2023,Nissan Magnite XE,"13,905",Petrol,Manual,4.59,"Kolkatta Gpo, Kolkata"
2021,Maruti S Cross Alpha,"10,025",Petrol,Manual,7.75,"Kasba, Kolkata"
2020,Hyundai Verna VTVT 1.6 SX,"37,029",Petrol,Manual,5.99,"Alipore, Kolkata"
2022,Maruti Baleno Alpha CVT,"15,000",Petrol,Automatic,7.75,"Kasba, Kolkata"
2013,Honda Brio EX MT,"76,000",Petrol,Manual,1.45,"Kasba, Kolkata"
2019,Honda WR-V i-VTEC S,"47,979",Petrol,Manual,5.48,"Kasba, Kolkata"
1985,Ambassador Classic 1800 Isz Mpfi,"80,000",Petrol,Manual,4.95,"Kasba, Kolkata"
2017,Hyundai Creta 1.6 VTVT AT SX Plus,"47,000",Petrol,Automatic,7.25,"Watgunge, Kolkata"
2023,Mahindra XUV700 AX7 Diesel AT Luxury Pack BSVI,"4,000",Diesel,Automatic,23.50,"Ballygunge, Kolkata"
2019,Maruti Vitara Brezza VDi,"65,000",Diesel,Manual,5.95,"Ballygunge, Kolkata"
2018,Toyota Yaris G Optional CVT,"57,000",Petrol,Automatic,5.75,"Ballygunge, Kolkata"
2021,Hyundai Santro Sportz AMT,"11,316",Petrol,Automatic,4.17,"University, Kolkata"
2017,Maruti Swift LXI Optional-O,"33,339",Petrol,Manual,3.30,"University, Kolkata"
2011,Honda Jazz Active,"1,20,000",Petrol,Manual,1.35,Kolkata
2006,Maruti Swift 1.3 LXI,"90,000",Petrol,Manual,1.10,Kolkata
2013,Maruti Alto 800 LXI,"50,000",Petrol,Manual,2.25,Kolkata
2010,Chevrolet Spark 1.0 LS,"40,000",Petrol,Manual,"60,000",Kolkata
2015,Mahindra TUV 300 T6 Plus,"34,003",Diesel,Manual,5.25,"Garia BT, Kolkata"
2022,Maruti Brezza VXi BSVI,"10,000",Petrol,Manual,8.50,Kolkata
2024,Tata Nexon Creative Plus S DT AMT,"10,000",Petrol,Automatic,12,Kolkata
2019,Maruti Wagon R ZXI AMT 1.2BSIV,"32,851",Petrol,Automatic,4.69,"Topsia, Kolkata"
2017,Mahindra XUV500 W10 2WD,"70,000",Diesel,Manual,8.50,Kolkata
2014,Maruti Swift Dzire VXI,"70,000",Petrol,Manual,2.80,Kolkata
2013,Mahindra Quanto C6,"50,000",Diesel,Manual,2.80,Kolkata
2022,Mahindra Thar LX 4-Str Convert Top AT BSVI,"10,000",Petrol,Automatic,12,Kolkata
2016,Jaguar XE Prestige,"30,000",Petrol,Automatic,25,Kolkata
2022,Hyundai i20 Asta Opt IVT BSVI,"10,000",Petrol,Automatic,9.50,Kolkata
2017,Hyundai Grand i10 1.2 Kappa Sportz Option,"90,000",Petrol,Manual,3.25,Kolkata
2018,Hyundai Creta 1.4 S,"1,60,000",Diesel,Manual,5.20,Kolkata
2012,Hyundai i10 Sportz AT,"50,000",Petrol,Automatic,2.30,Kolkata
2023,Tata Nexon EV XZ Plus,"70,000",Electric,Automatic,12.50,Kolkata
2013,Mahindra Quanto C6,"50,000",Diesel,Manual,3,Kolkata
2021,Renault KWID 1.0 Neotech AMT,"30,000",Petrol,Automatic,3.20,Kolkata
2019,Kia Seltos GTX DCT,"40,000",Petrol,Automatic,11,Kolkata
2020,Hyundai Aura SX,"60,000",Petrol,Manual,4.50,Kolkata
2021,Maruti Ciaz Alpha BSVI,"30,000",Petrol,Manual,6.50,Kolkata
2009,Hyundai Santro Xing GLS,"90,000",Petrol,Manual,"45,000",Kolkata
2019,Kia Seltos GTX DCT,"40,000",Petrol,Automatic,11,Kolkata
2023,Honda Amaze VX CVT,"10,000",Petrol,Automatic,7.85,Kolkata
2023,Honda Amaze VX CVT,430,Petrol,Automatic,8,Kolkata
2014,Ford Ecosport 1.5 Ti VCT MT Ambiente,"40,000",Petrol,Manual,2.99,Kolkata
2019,Hyundai i20 Sportz Plus BSIV,"17,672",Petrol,Manual,5.30,Kolkata
2019,Hyundai i20 Sportz Plus BSIV,"20,000",Petrol,Manual,5.30,Kolkata
2021,Kia Seltos HTK Plus D,"30,000",Diesel,Manual,9.80,Kolkata
2014,Mahindra Quanto C6,"90,000",Diesel,Manual,1.61,Kolkata
2010,Maruti Wagon R Duo Lxi,"1,00,000",LPG,Manual,1.08,Kolkata
2018,Datsun GO Plus T Option BSIV,"80,000",Petrol,Manual,2.50,Kolkata
2014,Maruti Zen Estilo LXI,"70,000",Petrol,Manual,2,Kolkata
2013,Mahindra Quanto C8,"70,000",Diesel,Manual,2.10,Kolkata
2013,Hyundai i10 Sportz 1.1L,"90,000",Petrol,Manual,1.70,Kolkata
2014,Ford Figo Diesel ZXI,"60,000",Diesel,Manual,1.30,Kolkata
2022,Maruti Ignis Alpha AMT BSVI,"10,000",Petrol,Automatic,4.50,Kolkata
2012,Honda City V MT,"40,000",Petrol,Manual,2,Kolkata
Request,Photos,,,,"31,000 kms   â€¢   Diesel   â€¢   Automatic",Kolkata
2013,Hyundai i10 Sportz 1.1L,"90,000",Petrol,Manual,1.70,Kolkata
2022,Maruti Ignis Alpha AMT BSVI,"10,000",Petrol,Automatic,4.50,Kolkata
2014,Ford Figo Diesel ZXI,"60,000",Diesel,Manual,1.30,Kolkata
Request,Photos,,,,"31,000 kms   â€¢   Diesel   â€¢   Automatic",Kolkata
2012,Honda City V MT,"40,000",Petrol,Manual,2,Kolkata
2022,Mahindra XUV300 W8 Option BSVI,"40,000",Petrol,Manual,7.50,Kolkata
2019,Volvo XC60 Momentum D4 BSIV,"40,000",Diesel,Automatic,30,Kolkata
2011,Maruti Alto 800 LXi,"30,000",Petrol,Manual,"90,000",Kolkata
2015,Mahindra XUV500 W10 2WD,"50,000",Diesel,Manual,6.50,Kolkata
2014,Hyundai Xcent 1.2 Kappa S,"70,000",Petrol,Manual,2,Kolkata
2021,Maruti Alto 800 LXI,"10,000",Petrol,Manual,2.50,Kolkata
Request,Photos,,,,"76,000 kms   â€¢   Diesel   â€¢   Automatic",Kolkata
Request,Photos,,,,"29,000 kms   â€¢   Petrol   â€¢   Manual",Kolkata
2023,Maruti Eeco 5 Seater AC,"39,930",Petrol,Manual,5.50,"Beleghata, Kolkata"
2014,Mini Cooper Convertible S 1.6,"12,060",Petrol,Automatic,17.75,"Council House Street, Kolkata"
Request,Photos,,,,"90,000 kms   â€¢   Diesel   â€¢   Automatic",Kolkata
Request,Photos,,,,"67,000 kms   â€¢   Petrol   â€¢   Manual",Kolkata
2014,Skoda Rapid Ultima 1.6 TDI Ambition Plus,"70,000",Diesel,Manual,2.22,Kolkata
2020,Mercedes-Benz C-Class C300 Cabriolet,"51,000",Petrol,Automatic,58,"Vaishya Sabha, Kolkata"
2024,Jeep Meridian Overland 4x4 AT,"10,000",Diesel,Automatic,37.50,Kolkata
2016,Honda Amaze S i-VTEC,"60,000",Petrol,Manual,2.50,Kolkata
2014,Toyota Etios Liva G,"20,000",Petrol,Manual,1.25,Kolkata
2019,Kia Seltos GTX DCT,"30,000",Petrol,Automatic,10.25,Kolkata
2006,Hyundai Santro Xing XG eRLX Euro II,"10,000",Petrol,Manual,"50,000",Kolkata
2020,Jeep Compass 2.0 Limited Plus,"60,000",Diesel,Manual,12,Kolkata
2021,Hyundai Grand i10 Nios Sportz Dual Tone,"20,000",Petrol,Manual,4.50,Kolkata
2019,Volvo XC60 Momentum D4 BSIV,"30,000",Diesel,Automatic,26,Kolkata
2012,Hyundai EON Era Plus Sports Edition,"60,000",Petrol,Manual,1.35,Kolkata
2015,Hyundai EON D Lite Plus,"58,000",Petrol,Manual,1.95,Kolkata
2013,Ford Ecosport 1.0 Ecoboost Titanium,"60,000",Petrol,Manual,1.75,Kolkata
2011,Hyundai i10 Asta AT,"10,000",Petrol,Automatic,1.90,Kolkata
2016,Maruti Baleno 1.2 Alpha,"70,000",Petrol,Manual,3.25,Kolkata
2017,Maruti Alto K10 VXI,"20,000",Petrol,Manual,2.50,Kolkata
2022,Kia Seltos HTK Plus iMT,"17,000",Petrol,Manual,11.83,Kolkata
2017,Honda City i-VTEC VX,"30,000",Petrol,Manual,5.31,Kolkata
2020,Maruti Wagon R VXI,"20,000",Petrol,Manual,3.50,Kolkata
2010,Hyundai i10 Era,"50,000",Petrol,Manual,"80,000",Kolkata
2001,Maruti Wagon R VXI BSII,"60,000",Petrol,Manual,"30,000",Kolkata
2022,Tata Nexon XZA Plus Kaziranga Edition AMT,"13,000",Petrol,Automatic,9.25,Kolkata
2022,Mercedes-Benz GLA 220d BSVI,"60,000",Diesel,Automatic,39,Kolkata
2019,Tata Nexon 1.2 Revotron XMA,"40,000",Petrol,Automatic,4.99,Kolkata
2011,Tata Aria Pride,"30,000",Diesel,Manual,2.46,Kolkata
2014,Audi A6 2.0 TDI Technology,"80,000",Diesel,Automatic,11.75,Kolkata
2014,Audi A6 2.0 TDI,"50,000",Diesel,Automatic,6,Kolkata
2016,Mercedes-Benz C-Class C 220 CDI Style,"60,000",Diesel,Automatic,20,Kolkata
2024,Hyundai Verna SX Opt IVT,"10,000",Petrol,Automatic,15.46,Kolkata
2023,Tata Nexon XZ Plus S,"50,000",Petrol,Manual,10,Kolkata
2015,Porsche Boxster S tiptronic,"29,442",Petrol,Automatic,68,"Vaishya Sabha, Kolkata"
2015,Hyundai Creta 1.6 VTVT S,"20,000",Petrol,Manual,3.70,Kolkata
2018,Hyundai Creta 1.6 VTVT AT SX Plus,"40,000",Petrol,Automatic,7,Kolkata
2016,Audi A4 30 TFSI Premium Plus,"60,000",Petrol,Automatic,16,Kolkata
2016,Maruti Alto 800 LXI,"80,000",Petrol,Manual,1.70,Kolkata
2014,Ford Figo Diesel ZXI,"1,20,000",Diesel,Manual,2,Kolkata
Request,Photos,,,,"47,900 kms   â€¢   Diesel   â€¢   Manual",Kolkata
2015,Hyundai i20 Sportz Option 1.2,"50,000",Petrol,Manual,3.05,Kolkata
2011,Hyundai i20 1.2 Sportz,"70,000",Petrol,Manual,1.70,Kolkata
2014,Volkswagen Jetta 2.0L TDI Highline AT,"1,18,000",Diesel,Automatic,3.80,Kolkata
2017,Jeep Compass 2.0 Limited Option 4X4,"52,000",Diesel,Manual,12,Kolkata
2014,Volkswagen Jetta 2.0L TDI Highline AT,"1,18,000",Diesel,Automatic,3.80,Kolkata
Request,Photos,,,,"20,000 kms   â€¢   Diesel   â€¢   Manual",Kolkata
Request,Photos,,,,"89,000 kms   â€¢   Diesel   â€¢   Manual",Kolkata
2012,Renault Fluence Diesel E4,"40,000",Diesel,Manual,2.30,Kolkata
Request,Photos,,,,"50,000 kms   â€¢   Diesel   â€¢   Manual",Kolkata
Request,Photos,,,,"72,000 kms   â€¢   Petrol   â€¢   Manual",Kolkata
2013,Hyundai i10 Sportz,"50,000",Petrol,Manual,1.55,Kolkata
Request,Photos,,,,"1,92,000 kms   â€¢   Diesel   â€¢   Manual",Kolkata
2021,Maruti S-Presso VXI 2019-2022,"10,000",Petrol,Manual,2.90,Kolkata
2019,Maruti Eeco 5 Seater AC,"38,012",Petrol,Manual,4.61,"Garia Bt, Kolkata"
2016,Isuzu MU 7 4x2 HIPACK,"96,000",Diesel,Manual,9,Kolkata
2018,Hyundai Verna VTVT 1.6 SX,"37,000",Petrol,Manual,5.35,"Ballygunge, Kolkata"
2022,Honda Amaze 2nd Gen S BSVI,"13,000",Petrol,Manual,5.99,"Ballygunge, Kolkata"
2013,Honda Amaze S i-Vtech,"79,000",Petrol,Manual,2.25,"Ballygunge, Kolkata"
2023,Mahindra XUV700 AX5 7 Str Diesel,"8,600",Diesel,Manual,17.88,"Entally, Kolkata"
2017,Hyundai Verna 1.6 VTVT S,"28,019",Petrol,Manual,4.55,"Garia Bt, Kolkata"
2023,Tata Tiago XT,"14,000",Petrol,Manual,6.99,"Entally, Kolkata"
2015,Hyundai i10 Sportz,"31,005",Petrol,Manual,2.81,"Garia Bt, Kolkata"
2013,Hyundai i20 Magna,"48,018",Petrol,Manual,2.75,"Garia Bt, Kolkata"
2010,Hyundai i10 Magna 1.2,"46,006",Petrol,Manual,1.55,"Garia Bt, Kolkata"
2014,Honda City i DTEC VX,"1,50,000",Diesel,Manual,2.50,Kolkata
2021,Maruti Wagon R VXI 1.2 BSIV,"22,006",Petrol,Manual,4.75,"Garia Bt, Kolkata"
2013,Hyundai i20 Magna,"48,018",Petrol,Manual,2.75,"Garia Bt, Kolkata"
